BEGIN TRANSACTION;
CREATE TABLE epics_channel(
  id integer primary key,
  lcs_name text unique,
  value_type text,  -- current or voltage_tmp
  value double precision default 0.0,
  value_txt text default 'NA',
  update_time date --default datetime('now')
);
INSERT INTO "epics_channel" VALUES(1, '01QM000I01', 'current', 360.204, 'NA', '2016-06-02 15:45:00');
INSERT INTO "epics_channel" VALUES(2, '01MP001I01', 'current', 602.825, 'NA', '2016-06-02 15:45:00');
INSERT INTO "epics_channel" VALUES(3, '01MP002I01', 'current', 409.019, 'NA', '2016-06-02 15:45:00');
INSERT INTO "epics_channel" VALUES(4, '01MP003I01', 'current', 303.36, 'NA', '2016-06-02 15:45:00');
INSERT INTO "epics_channel" VALUES(5, '02MP001I01', 'current', 373.18, 'NA', '2016-06-02 15:45:00');
INSERT INTO "epics_channel" VALUES(6, '02MP002I01', 'current', 324.22, 'NA', '2016-06-02 15:45:00');
INSERT INTO "epics_channel" VALUES(7, '02MP003I01', 'current', 366.837, 'NA', '2016-06-02 15:45:00');
INSERT INTO "epics_channel" VALUES(8, '02MP004I01', 'current', 349.18, 'NA', '2016-06-02 15:45:00');
INSERT INTO "epics_channel" VALUES(9, '02MP005I01', 'current', 332.07, 'NA', '2016-06-02 15:45:00');
INSERT INTO "epics_channel" VALUES(10, '02MP006I01', 'current', 319.74, 'NA', '2016-06-02 15:45:00');
INSERT INTO "epics_channel" VALUES(11, '03MP001I01', 'current', 226.312, 'NA', '2016-06-02 15:45:01');
INSERT INTO "epics_channel" VALUES(12, '04MP001I01', 'current', 218.078, 'NA', '2016-06-02 15:45:02');
INSERT INTO "epics_channel" VALUES(13, '01JS001D01', 'rf_amp', 43.6, 'NA', '2016-06-02 15:45:28');
INSERT INTO "epics_channel" VALUES(14, '01JS001D02', 'rf_ph', 208.0, 'NA', '2016-06-02 15:45:00');
INSERT INTO "epics_channel" VALUES(15, '01TM001L01', 'delay', 0.0, 'In Time', '2016-06-02 15:45:00');
INSERT INTO "epics_channel" VALUES(16, '02JS001D01', 'rf_amp', 67.8, 'NA', '2016-06-02 15:45:00');
INSERT INTO "epics_channel" VALUES(17, '02JS001D02', 'rf_ph', -47.0, 'NA', '2016-06-02 15:45:00');
INSERT INTO "epics_channel" VALUES(18, '02TM001L01', 'delay', 0.0, 'In Time', '2016-06-02 15:45:00');
INSERT INTO "epics_channel" VALUES(19, '03JS001D01', 'rf_amp', 67.0, 'NA', '2016-06-02 15:45:53');
INSERT INTO "epics_channel" VALUES(20, '03JS001D02', 'rf_ph', 64.0, 'NA', '2016-06-02 15:45:01');
INSERT INTO "epics_channel" VALUES(21, '03TM001L01', 'delay', 0.0, 'In Time', '2016-06-02 15:45:02');
INSERT INTO "epics_channel" VALUES(22, '04JS001D01', 'rf_amp', 67.6, 'NA', '2016-06-02 15:45:02');
INSERT INTO "epics_channel" VALUES(23, '04JS001D02', 'rf_ph', 156.0, 'NA', '2016-06-02 15:45:02');
INSERT INTO "epics_channel" VALUES(24, '04TM001L01', 'delay', 0.0, 'In Time', '2016-06-02 15:45:02');
CREATE TABLE quad_family(
  id integer primary key,
  name text,
  l_eff_cal double precision check(l_eff_cal > 0.0),-- effective magnet length
  a0_cal double precision,
  a1_cal double precision,
  a2_cal double precision,
  a3_cal double precision,
  a4_cal double precision,
  unique(name, l_eff_cal, a0_cal, a1_cal, a2_cal, a3_cal, a4_cal)
);
INSERT INTO "quad_family" VALUES(0, 'quad_type_0', 0.02483, 0.003447, 0.0029138, 4.5509e-06, -1.1115e-08, 5.5871e-12);
INSERT INTO "quad_family" VALUES(1, 'quad_type_1', 0.03522, 0.0090526, 0.0046231, -1.5358e-06, 6.2635e-09, -7.6251e-12);
INSERT INTO "quad_family" VALUES(2, 'quad_type_2', 0.04774, 0.0028514, 0.0064909, -3.4515e-06, 1.0784e-08, -1.048e-11);
INSERT INTO "quad_family" VALUES(3, 'quad_type_3', 0.06234, 0.010348, 0.0081983, -4.4683e-07, 1.5503e-09, -1.8316e-12);
INSERT INTO "quad_family" VALUES(4, 'quad_type_4', 0.08889, 1.5152e-05, 0.0052911, -1.158e-08, 2.5253e-12, 0.0);
INSERT INTO "quad_family" VALUES(5, 'quad_type_5', 0.176, -0.0045455, 0.0047937, -2.1212e-08, 2.0202e-11, 0.0);
CREATE TABLE drift(
  id integer primary key,
  name text unique,
  view_index double precision unique,
  length_model double precision,
  aperture_model double precision,
  model_index integer unique,
  model_type text not null default 'drift'
);
INSERT INTO "drift" VALUES(1, '02DR01', 65.0, 0.03507, 0.0, 174, 'drift');
INSERT INTO "drift" VALUES(2, '02DR02', 65.5, 0.03507, 0.0, 176, 'drift');
INSERT INTO "drift" VALUES(3, '03DR01', 201.0, 0.269625, 0.0, 310, 'drift');
INSERT INTO "drift" VALUES(4, '03DR02', 201.3, 0.035, 0.0, 312, 'drift');
INSERT INTO "drift" VALUES(5, '03DR03', 201.7, 0.375625, 0.0, 314, 'drift');
INSERT INTO "drift" VALUES(6, '04DR01', 281.0, 0.24325, 0.0, 392, 'drift');
INSERT INTO "drift" VALUES(7, '04DR02', 281.3, 0.2, 0.0, 394, 'drift');
INSERT INTO "drift" VALUES(8, '04DR03', 281.7, 0.49027, 0.0, 396, 'drift');
CREATE TABLE quad(
  id integer primary key,
  name text unique,
  view_index double precision unique,
  monitor integer not null default 0,
  gradient_model double precision default 0.0,
  length_model double precision,
  aperture_model double precision,
  family_cal  integer references quad_family(id)
          on delete restrict,
  shunt_cal double precision, 
  polarity_design integer not null default 1.0,
  channel integer references epics_channel(id)
          on delete restrict,
  model_index integer unique,
  model_type text not null default 'quad'
);
INSERT INTO "quad" VALUES(1, '01QM00U', 0.5, 0, -49.0562169640441, 0.012415, 0.0075, 0, 0.0, -1, 1, 109, 'quad');
INSERT INTO "quad" VALUES(2, '01QM00', 1.0, 0, -49.0562169640441, 0.012415, 0.0075, 0, 0.0, -1, 1, 111, 'quad');
INSERT INTO "quad" VALUES(3, '01QM01', 3.0, 0, 73.7411207888543, 0.03522, 0.0075, 1, 2.0, 1, 2, 113, 'quad');
INSERT INTO "quad" VALUES(4, '01QM02', 5.0, 0, -72.4980314119169, 0.03522, 0.0075, 1, 16.4, -1, 2, 115, 'quad');
INSERT INTO "quad" VALUES(5, '01QM03', 7.0, 0, 71.3030679718162, 0.03522, 0.0075, 1, 29.5, 1, 2, 117, 'quad');
INSERT INTO "quad" VALUES(6, '01QM04', 9.0, 0, -70.1781624095075, 0.03522, 0.0075, 1, 41.3, -1, 2, 119, 'quad');
INSERT INTO "quad" VALUES(7, '01QM05', 11.0, 0, 68.4728740057806, 0.03522, 0.0075, 1, 58.4, 1, 2, 121, 'quad');
INSERT INTO "quad" VALUES(8, '01QM06', 13.0, 0, -69.1912391441162, 0.03522, 0.0075, 1, 51.3, -1, 2, 123, 'quad');
INSERT INTO "quad" VALUES(9, '01QM07', 15.0, 0, 51.9647980445398, 0.04774, 0.0075, 2, 7.1, 1, 3, 125, 'quad');
INSERT INTO "quad" VALUES(10, '01QM08', 17.0, 0, -52.6290190453956, 0.04774, 0.0075, 2, 2.0, -1, 3, 127, 'quad');
INSERT INTO "quad" VALUES(11, '01QM09', 19.0, 0, 51.4042510299818, 0.04774, 0.0075, 2, 11.4, 1, 3, 129, 'quad');
INSERT INTO "quad" VALUES(12, '01QM10', 21.0, 0, -50.621420022162, 0.04774, 0.0075, 2, 17.4, -1, 3, 131, 'quad');
INSERT INTO "quad" VALUES(13, '01QM11', 23.0, 0, 49.8901952745401, 0.04774, 0.0075, 2, 23.0, 1, 3, 133, 'quad');
INSERT INTO "quad" VALUES(14, '01QM12', 25.0, 0, -49.210806463601, 0.04774, 0.0075, 2, 28.2, -1, 3, 135, 'quad');
INSERT INTO "quad" VALUES(15, '01QM13', 27.0, 0, 48.2042935722076, 0.04774, 0.0075, 2, 35.9, 1, 3, 137, 'quad');
INSERT INTO "quad" VALUES(16, '01QM14', 29.0, 0, -48.6487858075331, 0.04774, 0.0075, 2, 32.5, -1, 3, 139, 'quad');
INSERT INTO "quad" VALUES(17, '01QM15', 31.0, 0, 39.1797021535718, 0.06234, 0.0075, 3, 5.1, 1, 4, 141, 'quad');
INSERT INTO "quad" VALUES(18, '01QM16', 33.0, 0, -39.5850285963831, 0.06234, 0.0075, 3, 2.0, -1, 4, 143, 'quad');
INSERT INTO "quad" VALUES(19, '01QM17', 35.0, 0, 38.9704967957828, 0.06234, 0.0075, 3, 6.7, 1, 4, 145, 'quad');
INSERT INTO "quad" VALUES(20, '01QM18', 37.0, 0, -38.473623239438, 0.06234, 0.0075, 3, 10.5, -1, 4, 147, 'quad');
INSERT INTO "quad" VALUES(21, '01QM19', 39.0, 0, 37.9898131072742, 0.06234, 0.0075, 3, 14.2, 1, 4, 149, 'quad');
INSERT INTO "quad" VALUES(22, '01QM20', 41.0, 0, -37.5582989528744, 0.06234, 0.0075, 3, 17.5, -1, 4, 151, 'quad');
INSERT INTO "quad" VALUES(23, '01QM21', 43.0, 0, 37.1398558390308, 0.06234, 0.0075, 3, 20.7, 1, 4, 153, 'quad');
INSERT INTO "quad" VALUES(24, '01QM22', 45.0, 0, -36.7606388124066, 0.06234, 0.0075, 3, 23.6, -1, 4, 155, 'quad');
INSERT INTO "quad" VALUES(25, '01QM23', 47.0, 0, 36.3944967328543, 0.06234, 0.0075, 3, 26.4, 1, 4, 157, 'quad');
INSERT INTO "quad" VALUES(26, '01QM24', 49.0, 0, -36.0806602846269, 0.06234, 0.0075, 3, 28.8, -1, 4, 159, 'quad');
INSERT INTO "quad" VALUES(27, '01QM25', 51.0, 0, 35.7537476567059, 0.06234, 0.0075, 3, 31.3, 1, 4, 161, 'quad');
INSERT INTO "quad" VALUES(28, '01QM26', 53.0, 0, -35.4529889211841, 0.06234, 0.0075, 3, 33.6, -1, 4, 163, 'quad');
INSERT INTO "quad" VALUES(29, '01QM27', 55.0, 0, 35.1783843026336, 0.06234, 0.0075, 3, 35.7, 1, 4, 165, 'quad');
INSERT INTO "quad" VALUES(30, '01QM28', 57.0, 0, -34.8907049045055, 0.06234, 0.0075, 3, 37.9, -1, 4, 167, 'quad');
INSERT INTO "quad" VALUES(31, '01QM29', 59.0, 0, 34.6553323767611, 0.06234, 0.0075, 3, 39.7, 1, 4, 169, 'quad');
INSERT INTO "quad" VALUES(32, '01QM30', 61.0, 0, -31.6087791253267, 0.06234, 0.0075, 3, 63.0, -1, 4, 171, 'quad');
INSERT INTO "quad" VALUES(33, '01QM31', 63.0, 0, 22.0778418491856, 0.08889, 0.0075, 4, 2.0, 1, 5, 173, 'quad');
INSERT INTO "quad" VALUES(34, '02QM00', 67.0, 0, -23.0407305309235, 0.08889, 0.01, 4, -14.2, -1, 5, 177, 'quad');
INSERT INTO "quad" VALUES(35, '02QM01', 69.0, 0, 20.5739674166873, 0.08889, 0.01, 4, 27.3, 1, 5, 179, 'quad');
INSERT INTO "quad" VALUES(36, '02QM02', 71.0, 0, -22.0778418491856, 0.08889, 0.01, 4, 2.0, -1, 5, 181, 'quad');
INSERT INTO "quad" VALUES(37, '02QM03', 73.0, 0, 21.7390354075798, 0.08889, 0.01, 4, 7.7, 1, 5, 183, 'quad');
INSERT INTO "quad" VALUES(38, '02QM04', 75.0, 0, -21.4002225248762, 0.08889, 0.01, 4, 13.4, -1, 5, 185, 'quad');
INSERT INTO "quad" VALUES(39, '02QM05', 77.0, 0, 21.0970686705554, 0.08889, 0.01, 4, 18.5, 1, 5, 187, 'quad');
INSERT INTO "quad" VALUES(40, '02QM06', 79.0, 0, -20.799853957339, 0.08889, 0.01, 4, 23.5, -1, 5, 189, 'quad');
INSERT INTO "quad" VALUES(41, '02QM07', 81.0, 0, 20.5383008549368, 0.08889, 0.01, 4, 27.9, 1, 5, 191, 'quad');
INSERT INTO "quad" VALUES(42, '02QM08', 83.0, 0, -20.2648547998965, 0.08889, 0.01, 4, 32.5, -1, 5, 193, 'quad');
INSERT INTO "quad" VALUES(43, '02QM09', 85.0, 0, 20.0211275314919, 0.08889, 0.01, 4, 36.6, 1, 5, 195, 'quad');
INSERT INTO "quad" VALUES(44, '02QM10', 87.0, 0, -19.7952309162557, 0.08889, 0.01, 4, 40.4, -1, 5, 197, 'quad');
INSERT INTO "quad" VALUES(45, '02QM11', 89.0, 0, 19.5633865927696, 0.08889, 0.01, 4, 44.3, 1, 5, 199, 'quad');
INSERT INTO "quad" VALUES(46, '02QM12', 91.0, 0, -19.3672081978388, 0.08889, 0.01, 4, 47.6, -1, 5, 201, 'quad');
INSERT INTO "quad" VALUES(47, '02QM13', 93.0, 0, 19.1674606287008, 0.08889, 0.01, 4, 2.0, 1, 6, 203, 'quad');
INSERT INTO "quad" VALUES(48, '02QM14', 95.0, 0, -18.9712777208917, 0.08889, 0.01, 4, 5.3, -1, 6, 205, 'quad');
INSERT INTO "quad" VALUES(49, '02QM15', 97.0, 0, 18.8048177355064, 0.08889, 0.01, 4, 8.1, 1, 6, 207, 'quad');
INSERT INTO "quad" VALUES(50, '02QM16', 99.0, 0, -18.6443012151736, 0.08889, 0.01, 4, 10.8, -1, 6, 209, 'quad');
INSERT INTO "quad" VALUES(51, '02QM17', 101.0, 0, 18.4718929002963, 0.08889, 0.01, 4, 13.7, 1, 6, 211, 'quad');
INSERT INTO "quad" VALUES(52, '02QM18', 103.0, 0, -18.329208836687, 0.08889, 0.01, 4, 16.1, -1, 6, 213, 'quad');
INSERT INTO "quad" VALUES(53, '02QM19', 105.0, 0, 18.1865235748482, 0.08889, 0.01, 4, 18.5, 1, 6, 215, 'quad');
INSERT INTO "quad" VALUES(54, '02QM20', 107.0, 0, -18.0378918170666, 0.08889, 0.01, 4, 21.0, -1, 6, 217, 'quad');
INSERT INTO "quad" VALUES(55, '02QM21', 109.0, 0, 17.9189854710938, 0.08889, 0.01, 4, 23.0, 1, 6, 219, 'quad');
INSERT INTO "quad" VALUES(56, '02QM22', 111.0, 0, -17.7881875239575, 0.08889, 0.01, 4, 25.2, -1, 6, 221, 'quad');
INSERT INTO "quad" VALUES(57, '02QM23', 113.0, 0, 17.6811702673593, 0.08889, 0.01, 4, 27.0, 1, 6, 223, 'quad');
INSERT INTO "quad" VALUES(58, '02QM24', 115.0, 0, -17.5622614068703, 0.08889, 0.01, 4, 29.0, -1, 6, 225, 'quad');
INSERT INTO "quad" VALUES(59, '02QM25', 117.0, 0, 17.4552427135002, 0.08889, 0.01, 4, 30.8, 1, 6, 227, 'quad');
INSERT INTO "quad" VALUES(60, '02QM26', 119.0, 0, -17.3601144134449, 0.08889, 0.01, 4, 32.4, -1, 6, 229, 'quad');
INSERT INTO "quad" VALUES(61, '02QM27', 121.0, 0, 17.2174209512827, 0.08889, 0.01, 4, 34.8, 1, 6, 231, 'quad');
INSERT INTO "quad" VALUES(62, '02QM28', 123.0, 0, -17.978438748596, 0.08889, 0.01, 4, 22.0, -1, 6, 233, 'quad');
INSERT INTO "quad" VALUES(63, '02QM29', 125.0, 0, 9.71310154636179, 0.176, 0.01, 5, 8.9, 1, 7, 235, 'quad');
INSERT INTO "quad" VALUES(64, '02QM30', 127.0, 0, -9.90074563249432, 0.176, 0.01, 5, 2.0, -1, 7, 237, 'quad');
INSERT INTO "quad" VALUES(65, '02QM31', 129.0, 0, 9.6750288723348, 0.176, 0.01, 5, 10.3, 1, 7, 239, 'quad');
INSERT INTO "quad" VALUES(66, '02QM32', 131.0, 0, -9.6070419751515, 0.176, 0.01, 5, 12.8, -1, 7, 241, 'quad');
INSERT INTO "quad" VALUES(67, '02QM33', 133.0, 0, 9.53633562036959, 0.176, 0.01, 5, 15.4, 1, 7, 243, 'quad');
INSERT INTO "quad" VALUES(68, '02QM34', 135.0, 0, -9.46834874723433, 0.176, 0.01, 5, 17.9, -1, 7, 245, 'quad');
INSERT INTO "quad" VALUES(69, '02QM35', 137.0, 0, 9.40852029545231, 0.176, 0.01, 5, 20.1, 1, 7, 247, 'quad');
INSERT INTO "quad" VALUES(70, '02QM36', 139.0, 0, -9.34053340482681, 0.176, 0.01, 5, 22.6, -1, 7, 249, 'quad');
INSERT INTO "quad" VALUES(71, '02QM37', 141.0, 0, 9.42056757069915, 0.176, 0.01, 5, 2.0, 1, 8, 251, 'quad');
INSERT INTO "quad" VALUES(72, '02QM38', 143.0, 0, -9.37161701364939, 0.176, 0.01, 5, 3.8, -1, 8, 253, 'quad');
INSERT INTO "quad" VALUES(73, '02QM39', 145.0, 0, 9.31178854063399, 0.176, 0.01, 5, 6.0, 1, 8, 255, 'quad');
INSERT INTO "quad" VALUES(74, '02QM40', 147.0, 0, -9.25467952256673, 0.176, 0.01, 5, 8.1, -1, 8, 257, 'quad');
INSERT INTO "quad" VALUES(75, '02QM41', 149.0, 0, 9.21388735059261, 0.176, 0.01, 5, 9.6, 1, 8, 259, 'quad');
INSERT INTO "quad" VALUES(76, '02QM42', 151.0, 0, -9.16493672270888, 0.176, 0.01, 5, 11.4, -1, 8, 261, 'quad');
INSERT INTO "quad" VALUES(77, '02QM43', 153.0, 0, 9.12686399348912, 0.176, 0.01, 5, 12.8, 1, 8, 263, 'quad');
INSERT INTO "quad" VALUES(78, '02QM44', 155.0, 0, -9.07791331435909, 0.176, 0.01, 5, 14.6, -1, 8, 265, 'quad');
INSERT INTO "quad" VALUES(79, '02QM45', 157.0, 0, 9.03712105563994, 0.176, 0.01, 5, 16.1, 1, 8, 267, 'quad');
INSERT INTO "quad" VALUES(80, '02QM46', 159.0, 0, -8.99904825722896, 0.176, 0.01, 5, 17.5, -1, 8, 269, 'quad');
INSERT INTO "quad" VALUES(81, '02QM47', 161.0, 0, 8.95526450837049, 0.176, 0.01, 5, 2.0, 1, 9, 271, 'quad');
INSERT INTO "quad" VALUES(82, '02QM48', 163.0, 0, -8.91447216381536, 0.176, 0.01, 5, 3.5, -1, 9, 273, 'quad');
INSERT INTO "quad" VALUES(83, '02QM49', 165.0, 0, 8.87639927898551, 0.176, 0.01, 5, 4.9, 1, 9, 275, 'quad');
INSERT INTO "quad" VALUES(84, '02QM50', 167.0, 0, -8.8464848479533, 0.176, 0.01, 5, 6.0, -1, 9, 277, 'quad');
INSERT INTO "quad" VALUES(85, '02QM51', 169.0, 0, 8.80841190677072, 0.176, 0.01, 5, 7.4, 1, 9, 279, 'quad');
INSERT INTO "quad" VALUES(86, '02QM52', 171.0, 0, -8.77849742909396, 0.176, 0.01, 5, 8.5, -1, 9, 281, 'quad');
INSERT INTO "quad" VALUES(87, '02QM53', 173.0, 0, 8.74858292939359, 0.176, 0.01, 5, 9.6, 1, 9, 283, 'quad');
INSERT INTO "quad" VALUES(88, '02QM54', 175.0, 0, -8.71866840675296, 0.176, 0.01, 5, 10.7, -1, 9, 285, 'quad');
INSERT INTO "quad" VALUES(89, '02QM55', 177.0, 0, 8.68875386025538, 0.176, 0.01, 5, 11.8, 1, 9, 287, 'quad');
INSERT INTO "quad" VALUES(90, '02QM56', 179.0, 0, -8.65883928898421, 0.176, 0.01, 5, 12.9, -1, 9, 289, 'quad');
INSERT INTO "quad" VALUES(91, '02QM57', 181.0, 0, 8.6199503077877, 0.176, 0.01, 5, 2.0, 1, 10, 291, 'quad');
INSERT INTO "quad" VALUES(92, '02QM58', 183.0, 0, -8.5900356760585, 0.176, 0.01, 5, 3.1, -1, 10, 293, 'quad');
INSERT INTO "quad" VALUES(93, '02QM59', 185.0, 0, 8.57099907781503, 0.176, 0.01, 5, 3.8, 1, 10, 295, 'quad');
INSERT INTO "quad" VALUES(94, '02QM60', 187.0, 0, -8.54108440011995, 0.176, 0.01, 5, 4.9, -1, 10, 297, 'quad');
INSERT INTO "quad" VALUES(95, '02QM61', 189.0, 0, 8.52204777184447, 0.176, 0.01, 5, 5.6, 1, 10, 299, 'quad');
INSERT INTO "quad" VALUES(96, '02QM62', 191.0, 0, -8.49213304572895, 0.176, 0.01, 5, 6.7, -1, 10, 301, 'quad');
INSERT INTO "quad" VALUES(97, '02QM63', 193.0, 0, 8.47309638585948, 0.176, 0.01, 5, 7.4, 1, 10, 303, 'quad');
INSERT INTO "quad" VALUES(98, '02QM64', 195.0, 0, -8.45134018757646, 0.176, 0.01, 5, 8.2, -1, 10, 305, 'quad');
INSERT INTO "quad" VALUES(99, '02QM65', 197.0, 0, 7.43149332217206, 0.176, 0.01, 5, 45.7, 1, 10, 307, 'quad');
INSERT INTO "quad" VALUES(100, '02QM66', 199.0, 0, -7.29550897460429, 0.176, 0.01, 5, 50.7, -1, 10, 309, 'quad');
INSERT INTO "quad" VALUES(101, '03QM00', 203.0, 0, 6.62840234460132, 0.176, 0.015, 5, -18.2, 1, 11, 315, 'quad');
INSERT INTO "quad" VALUES(102, '03QM01', 205.0, 0, 0.0, 0.176, 0.015, '', 0.0, 0, '', 317, 'quad');
INSERT INTO "quad" VALUES(103, '03QM02', 207.0, 0, -7.30290655818556, 0.176, 0.015, 5, -43.0, -1, 11, 319, 'quad');
INSERT INTO "quad" VALUES(104, '03QM03', 209.0, 0, 0.0, 0.176, 0.015, '', 0.0, 0, '', 321, 'quad');
INSERT INTO "quad" VALUES(105, '03QM04', 211.0, 0, 5.98649409775139, 0.176, 0.015, 5, 5.4, 1, 11, 323, 'quad');
INSERT INTO "quad" VALUES(106, '03QM05', 213.0, 0, 0.0, 0.176, 0.015, '', 0.0, 0, '', 325, 'quad');
INSERT INTO "quad" VALUES(107, '03QM06', 215.0, 0, -5.95657350799958, 0.176, 0.015, 5, 6.5, -1, 11, 327, 'quad');
INSERT INTO "quad" VALUES(108, '03QM07', 217.0, 0, 0.0, 0.176, 0.015, '', 0.0, 0, '', 329, 'quad');
INSERT INTO "quad" VALUES(109, '03QM08', 219.0, 0, 5.92393274087159, 0.176, 0.015, 5, 7.7, 1, 11, 331, 'quad');
INSERT INTO "quad" VALUES(110, '03QM09', 221.0, 0, 0.0, 0.176, 0.015, '', 0.0, 0, '', 333, 'quad');
INSERT INTO "quad" VALUES(111, '03QM10', 223.0, 0, -5.90761230851933, 0.176, 0.015, 5, 8.3, -1, 11, 335, 'quad');
INSERT INTO "quad" VALUES(112, '03QM11', 225.0, 0, 0.0, 0.176, 0.015, '', 0.0, 0, '', 337, 'quad');
INSERT INTO "quad" VALUES(113, '03QM12', 227.0, 0, 5.87769143077508, 0.176, 0.015, 5, 9.4, 1, 11, 339, 'quad');
INSERT INTO "quad" VALUES(114, '03QM13', 229.0, 0, 0.0, 0.176, 0.015, '', 0.0, 0, '', 341, 'quad');
INSERT INTO "quad" VALUES(115, '03QM14', 231.0, 0, -5.85593072280851, 0.176, 0.015, 5, 10.2, -1, 11, 343, 'quad');
INSERT INTO "quad" VALUES(116, '03QM15', 233.0, 0, 0.0, 0.176, 0.015, '', 0.0, 0, '', 345, 'quad');
INSERT INTO "quad" VALUES(117, '03QM16', 235.0, 0, 5.83689005494054, 0.176, 0.015, 5, 10.9, 1, 11, 347, 'quad');
INSERT INTO "quad" VALUES(118, '03QM17', 237.0, 0, 0.0, 0.176, 0.015, '', 0.0, 0, '', 349, 'quad');
INSERT INTO "quad" VALUES(119, '03QM18', 239.0, 0, -5.81512923603495, 0.176, 0.015, 5, 11.7, -1, 11, 351, 'quad');
INSERT INTO "quad" VALUES(120, '03QM19', 241.0, 0, 0.0, 0.176, 0.015, '', 0.0, 0, '', 353, 'quad');
INSERT INTO "quad" VALUES(121, '03QM20', 243.0, 0, 5.79608847055298, 0.176, 0.015, 5, 12.4, 1, 11, 355, 'quad');
INSERT INTO "quad" VALUES(122, '03QM21', 245.0, 0, 0.0, 0.176, 0.015, '', 0.0, 0, '', 357, 'quad');
INSERT INTO "quad" VALUES(123, '03QM22', 247.0, 0, -5.7743275394687, 0.176, 0.015, 5, 13.2, -1, 11, 359, 'quad');
INSERT INTO "quad" VALUES(124, '03QM23', 249.0, 0, 0.0, 0.176, 0.015, '', 0.0, 0, '', 361, 'quad');
INSERT INTO "quad" VALUES(125, '03QM24', 251.0, 0, 5.75528667528803, 0.176, 0.015, 5, 13.9, 1, 11, 363, 'quad');
INSERT INTO "quad" VALUES(126, '03QM25', 253.0, 0, 0.0, 0.176, 0.015, '', 0.0, 0, '', 365, 'quad');
INSERT INTO "quad" VALUES(127, '03QM26', 255.0, 0, -5.74440616063925, 0.176, 0.015, 5, 14.3, -1, 11, 367, 'quad');
INSERT INTO "quad" VALUES(128, '03QM27', 257.0, 0, 0.0, 0.176, 0.015, '', 0.0, 0, '', 369, 'quad');
INSERT INTO "quad" VALUES(129, '03QM28', 259.0, 0, 5.73352563078539, 0.176, 0.015, 5, 14.7, 1, 11, 371, 'quad');
INSERT INTO "quad" VALUES(130, '03QM29', 261.0, 0, 0.0, 0.176, 0.015, '', 0.0, 0, '', 373, 'quad');
INSERT INTO "quad" VALUES(131, '03QM30', 263.0, 0, -5.71448466682129, 0.176, 0.015, 5, 15.4, -1, 11, 375, 'quad');
INSERT INTO "quad" VALUES(132, '03QM31', 265.0, 0, 0.0, 0.176, 0.015, '', 0.0, 0, '', 377, 'quad');
INSERT INTO "quad" VALUES(133, '03QM32', 267.0, 0, 5.70360409492615, 0.176, 0.015, 5, 15.8, 1, 11, 379, 'quad');
INSERT INTO "quad" VALUES(134, '03QM33', 269.0, 0, 0.0, 0.176, 0.015, '', 0.0, 0, '', 381, 'quad');
INSERT INTO "quad" VALUES(135, '03QM34', 271.0, 0, -5.69272350766063, 0.176, 0.015, 5, 16.2, -1, 11, 383, 'quad');
INSERT INTO "quad" VALUES(136, '03QM35', 273.0, 0, 0.0, 0.176, 0.015, '', 0.0, 0, '', 385, 'quad');
INSERT INTO "quad" VALUES(137, '03QM36', 275.0, 0, 5.4805489206903, 0.176, 0.015, 5, 24.0, 1, 11, 387, 'quad');
INSERT INTO "quad" VALUES(138, '03QM37', 277.0, 0, 0.0, 0.176, 0.015, '', 0.0, 0, '', 389, 'quad');
INSERT INTO "quad" VALUES(139, '03QM38', 279.0, 0, -5.52135219637953, 0.176, 0.015, 5, 22.5, -1, 11, 391, 'quad');
INSERT INTO "quad" VALUES(140, '04QM00', 283.0, 0, 5.69179865703288, 0.176, 0.015, 5, 8.0, 1, 12, 397, 'quad');
INSERT INTO "quad" VALUES(141, '04QM01', 285.0, 0, 0.0, 0.176, 0.015, '', 0.0, 0, '', 399, 'quad');
INSERT INTO "quad" VALUES(142, '04QM02', 287.0, 0, -5.85500589141509, 0.176, 0.015, 5, 2.0, -1, 12, 401, 'quad');
INSERT INTO "quad" VALUES(143, '04QM03', 289.0, 0, 0.0, 0.176, 0.015, '', 0.0, 0, '', 403, 'quad');
INSERT INTO "quad" VALUES(144, '04QM04', 291.0, 0, 5.65099631220201, 0.176, 0.015, 5, 9.5, 1, 12, 405, 'quad');
INSERT INTO "quad" VALUES(145, '04QM05', 293.0, 0, 0.0, 0.176, 0.015, '', 0.0, 0, '', 407, 'quad');
INSERT INTO "quad" VALUES(146, '04QM06', 295.0, 0, -5.65099631220201, 0.176, 0.015, 5, 9.5, -1, 12, 409, 'quad');
INSERT INTO "quad" VALUES(147, '04QM07', 297.0, 0, 0.0, 0.176, 0.015, '', 0.0, 0, '', 411, 'quad');
INSERT INTO "quad" VALUES(148, '04QM08', 299.0, 0, 5.64283581701306, 0.176, 0.015, 5, 9.8, 1, 12, 413, 'quad');
INSERT INTO "quad" VALUES(149, '04QM09', 301.0, 0, 0.0, 0.176, 0.015, '', 0.0, 0, '', 415, 'quad');
INSERT INTO "quad" VALUES(150, '04QM10', 303.0, 0, -5.63195514309345, 0.176, 0.015, 5, 10.2, -1, 12, 417, 'quad');
INSERT INTO "quad" VALUES(151, '04QM11', 305.0, 0, 0.0, 0.176, 0.015, '', 0.0, 0, '', 419, 'quad');
INSERT INTO "quad" VALUES(152, '04QM12', 307.0, 0, 5.63195514309345, 0.176, 0.015, 5, 10.2, 1, 12, 421, 'quad');
INSERT INTO "quad" VALUES(153, '04QM13', 309.0, 0, 0.0, 0.176, 0.015, '', 0.0, 0, '', 423, 'quad');
INSERT INTO "quad" VALUES(154, '04QM14', 311.0, 0, -5.6210744535132, 0.176, 0.015, 5, 10.6, -1, 12, 425, 'quad');
INSERT INTO "quad" VALUES(155, '04QM15', 313.0, 0, 0.0, 0.176, 0.015, '', 0.0, 0, '', 427, 'quad');
INSERT INTO "quad" VALUES(156, '04QM16', 315.0, 0, 5.6210744535132, 0.176, 0.015, 5, 10.6, 1, 12, 429, 'quad');
INSERT INTO "quad" VALUES(157, '04QM17', 317.0, 0, 0.0, 0.176, 0.015, '', 0.0, 0, '', 431, 'quad');
INSERT INTO "quad" VALUES(158, '04QM18', 319.0, 0, -5.61019374822824, 0.176, 0.015, 5, 11.0, -1, 12, 433, 'quad');
INSERT INTO "quad" VALUES(159, '04QM19', 321.0, 0, 0.0, 0.176, 0.015, '', 0.0, 0, '', 435, 'quad');
INSERT INTO "quad" VALUES(160, '04QM20', 323.0, 0, 5.61019374822824, 0.176, 0.015, 5, 11.0, 1, 12, 437, 'quad');
INSERT INTO "quad" VALUES(161, '04QM21', 325.0, 0, 0.0, 0.176, 0.015, '', 0.0, 0, '', 439, 'quad');
INSERT INTO "quad" VALUES(162, '04QM22', 327.0, 0, -6.4806041655272, 0.176, 0.015, 5, -21.0, -1, 12, 441, 'quad');
INSERT INTO "quad" VALUES(163, '04QM23', 329.0, 0, 0.0, 0.176, 0.015, '', 0.0, 0, '', 443, 'quad');
INSERT INTO "quad" VALUES(164, '04QM24', 331.0, 0, 6.63019745077577, 0.176, 0.015, 5, -26.5, 1, 12, 445, 'quad');
INSERT INTO "quad" VALUES(165, '04QM25', 333.0, 0, 0.0, 0.176, 0.015, '', 0.0, 0, '', 447, 'quad');
INSERT INTO "quad" VALUES(166, '04QM26', 335.0, 0, -5.85500589141509, 0.176, 0.015, 5, 2.0, -1, 12, 449, 'quad');
INSERT INTO "quad" VALUES(167, '04QM27', 337.0, 0, 0.0, 0.176, 0.015, '', 0.0, 0, '', 451, 'quad');
INSERT INTO "quad" VALUES(168, '04QM28', 339.0, 0, 3.18876432108473, 0.176, 0.015, 5, 100.0, 1, 12, 453, 'quad');
INSERT INTO "quad" VALUES(169, '04QM29', 341.0, 0, 0.0, 0.176, 0.015, '', 0.0, 0, '', 455, 'quad');
INSERT INTO "quad" VALUES(170, '04QM30', 343.0, 0, -0.42, 0.176, 0.015, 5, -15.0, -1, '', 457, 'quad');
CREATE TABLE diode(
  id integer primary key,
  name text,
  c0_cal double precision not null default 1.0,
  c1_cal double precision not null default 0.1,
  c2_cal double precision not null default 0.0,
  c3_cal double precision not null default 0.0,
  c4_cal double precision not null default 0.0
);
INSERT INTO "diode" VALUES(1, 'diode1', 0.0195, 0.1805, -0.0798, 0.0977, -0.0485);
INSERT INTO "diode" VALUES(2, 'diode2', 0.0198, 0.1854, -0.0925, 0.1175, -0.0593);
INSERT INTO "diode" VALUES(3, 'diode3', 0.02218, 0.19365, -0.10372, 0.13623, -0.0717);
INSERT INTO "diode" VALUES(4, 'diode4', 0.0217, 0.18171, -0.08447, 0.10862, -0.05563);
CREATE TABLE rf_module(
  id integer primary key,
  name text, 
  view_index double precision unique,
  on_off double precision not null default 1.0,
  phase_shift_tmp double precision not null default 0.0,
  phase_offset_cal double precision not null default 0.0,
  operating_amplitude_fraction_tmp double precision not null default 1.0,
  voltage_tmp double precision not null default 0.0,
  voltage_cal double precision not null default 0.01,
  amplitude_scale_cal double precision not null default 1.0,
  amplitude_tilt_cal double precision not null default 0.0,
  amplitude_design double precision not null default 1.0,
  frequency_design double precision,
  cell_length_betalambda_design double precision not null default 1.0,
  diode_id integer,
  amplitude_channel integer references epics_channel(id)
          on delete restrict,
  phase_channel integer references epics_channel(id)
          on delete restrict,
  delay_channel integer references epics_channel(id)
          on delete restrict,
  model_type text not null default 'rf_module'
);
INSERT INTO "rf_module" VALUES(1, '01LN', 0.0, 1.0, 208.0, 0.0, 0.980767640608889, 0.5232, 0.012, 15.3742087861, 0.0, 1.606, 201.25, 1.0, 1, 13, 14, 15, 'rf_module');
INSERT INTO "rf_module" VALUES(2, '02LN', 66.0, 1.0, -147.0, -100.0, 0.959718741802309, 0.8136, 0.012, 15.7, 0.0, 2.4, 201.25, 1.0, 2, 16, 17, 18, 'rf_module');
INSERT INTO "rf_module" VALUES(3, '03LN', 202.0, 1.0, 214.855331447, 150.855331447, 0.973951153524996, 0.804, 0.012, 15.4116891833, 0.0, 2.4, 201.25, 1.0, 3, 19, 20, 21, 'rf_module');
INSERT INTO "rf_module" VALUES(4, '04LN', 282.0, 1.0, 206.0, 50.0, 0.970455732973786, 0.8112, 0.012, 15.8, 0.0, 2.4, 201.25, 1.0, 4, 22, 23, 24, 'rf_module');
CREATE TABLE ccl_tank(
  id integer primary key,
  name text,
  view_index double precision unique,
  module_id integer,
  tank_id integer,
  avg_phase_tmp double precision not null default 0.0,
  avg_phase_design double precision not null default 0.0,
  phase_offset_structure double precision not null default 0.0,
  cell_length_design double precision not null default 0.0,
  t_design double precision not null default 0.0,
  tp_design double precision not null default 0.0,
  sp_design double precision not null default 0.0,
  model_type text not null default 'ccl_tank'
);
CREATE TABLE transit_time_factor(
  id integer primary key,
  name text,
  module_id integer,
  tank_id integer,
  beta_g double precision not null,
  beta_min double precision not null,
  ta0 double precision not null,
  ta1 double precision not null,
  ta2 double precision not null,
  ta3 double precision not null,
  ta4 double precision not null,
  ta5 double precision not null,
  sa0 double precision not null,
  sa1 double precision not null,
  sa2 double precision not null,
  sa3 double precision not null,
  sa4 double precision not null,
  sa5 double precision not null
);
INSERT INTO "transit_time_factor" VALUES(1, '01RG01', 1, 1, 0.0434282647964, 0.0379997316969, -3.44312389619, 367.714397719, -14368.6202323, 302792.548644, -3311809.30427, 14775243.0784, 0.778462792675, -17.2172818666, 1233.14293132, -45144.7417055, 689895.025677, -3814964.6654);
INSERT INTO "transit_time_factor" VALUES(2, '01RG02', 1, 2, 0.0426509020117, 0.0373195392602, -2.2712553929, 245.483276262, -8895.96859878, 177755.18157, -1874735.97444, 8160319.99282, 0.541028893121, 16.1834049036, -620.291027311, 2627.83877523, 99203.6047446, -962476.918338);
INSERT INTO "transit_time_factor" VALUES(3, '01RG03', 1, 3, 0.0435108344187, 0.0369842092559, -0.505538711209, 40.5735174235, 683.450864134, -46310.2762171, 743060.716185, -4054100.15905, -0.821685171921, 177.724003542, -8274.55275347, 183186.680165, -2022659.14565, 8981180.96973);
INSERT INTO "transit_time_factor" VALUES(4, '01RG04', 1, 4, 0.0457898902513, 0.0377766594573, -1.52777834791, 153.340378534, -4487.9528795, 73497.3501018, -648284.024975, 2408661.06016, -0.0424894964922, 83.4021574745, -3693.50642646, 73295.1424248, -716329.43486, 2808545.25013);
INSERT INTO "transit_time_factor" VALUES(5, '01RG05', 1, 5, 0.0477809593529, 0.0370302434985, -1.39048434753, 133.64393831, -3554.0454096, 52365.8346816, -413146.896182, 1369566.43934, -0.15921357838, 94.4536686265, -4078.32611163, 80038.2514117, -775848.795093, 3018884.41387);
INSERT INTO "transit_time_factor" VALUES(6, '01RG06', 1, 6, 0.0494081850785, 0.0370561388089, -1.36699416479, 129.298109873, -3338.00959508, 47398.7398142, -357468.131941, 1122520.73659, -0.17917534727, 95.8262614085, -4098.32389684, 79836.1636041, -768502.287897, 2969618.21748);
INSERT INTO "transit_time_factor" VALUES(7, '01RG07', 1, 7, 0.0507796463646, 0.0368152436143, -1.37548123138, 129.775077083, -3352.05716037, 47652.6103056, -360134.468355, 1134844.19346, -0.145621375035, 91.9093039909, -3912.69991694, 75505.5769741, -718634.875431, 2742206.24714);
INSERT INTO "transit_time_factor" VALUES(8, '01RG08', 1, 8, 0.053158054263, 0.0372106379841, -1.41522633583, 128.027654984, -3204.30139677, 44079.5540336, -321953.194982, 979344.998814, -0.182886643459, 93.1367601524, -3827.3056168, 71528.0399106, -659487.473674, 2436988.40311);
INSERT INTO "transit_time_factor" VALUES(9, '01RG09', 1, 9, 0.0551028038204, 0.0371943925788, -1.43749362663, 127.070195289, -3128.34710266, 42353.3521496, -304681.402632, 913713.322267, -0.199083840881, 93.1342530377, -3744.92068044, 68529.483265, -618377.629611, 2234918.49483);
INSERT INTO "transit_time_factor" VALUES(10, '01RG10', 1, 10, 0.0569099373407, 0.0369914592715, -1.47111079194, 128.110017248, -3142.95239724, 42497.2438734, -306053.219199, 921131.458931, -0.195829237398, 91.5017308418, -3617.1059755, 64973.5349377, -574852.08923, 2035019.16919);
INSERT INTO "transit_time_factor" VALUES(11, '01RG11', 1, 11, 0.0588707980439, 0.0367942487774, -1.48709270803, 126.844625925, -3059.67391185, 40656.7647167, -287612.609768, 849936.366424, -0.215489749068, 91.8525650334, -3558.90893586, 62720.9542789, -544189.503648, 1887815.19247);
INSERT INTO "transit_time_factor" VALUES(12, '01RG12', 1, 12, 0.0612129558643, 0.0367277735186, -1.52926525786, 125.771634114, -2956.67682644, 38270.2894627, -263561.444058, 757732.554243, -0.283550114813, 95.9636493548, -3604.17500401, 61918.1086526, -524143.409655, 1773753.63984);
INSERT INTO "transit_time_factor" VALUES(13, '01RG13', 1, 13, 0.0629321493805, 0.0377592896283, -1.52456442612, 123.786258975, -2863.29353134, 36393.9961645, -245672.848313, 691147.801271, -0.212440680471, 88.234296973, -3271.08691002, 55047.0082736, -455370.37901, 1504202.67887);
INSERT INTO "transit_time_factor" VALUES(14, '01RG14', 1, 14, 0.064845347944, 0.0372860750678, -1.54874901806, 123.633402696, -2829.99925291, 35604.0223153, -237908.451238, 662489.679574, -0.244601069934, 89.9114153389, -3276.16369737, 54303.3185091, -442378.043632, 1438097.89437);
INSERT INTO "transit_time_factor" VALUES(15, '01RG15', 1, 15, 0.0672512790499, 0.0369882034774, -1.57266446768, 121.082986426, -2685.71392567, 32707.5144584, -211390.432224, 569015.833733, -0.331447296072, 95.3373252358, -3368.23643512, 54491.312093, -433664.73501, 1376816.6349);
INSERT INTO "transit_time_factor" VALUES(16, '01RG16', 1, 16, 0.0688879029438, 0.0378883466191, -1.57320084684, 120.378858173, -2651.57284355, 32036.4078744, -205208.914857, 546900.640591, -0.248392580184, 87.2039034355, -3053.24594587, 48555.107447, -378907.668034, 1178196.35476);
INSERT INTO "transit_time_factor" VALUES(17, '01RG17', 1, 17, 0.0719550623252, 0.0377764077207, -1.61829629972, 116.875300029, -2453.4889033, 28225.3419093, -172031.772084, 436026.006488, -0.408995918627, 97.3396882824, -3250.97329167, 49934.7114492, -377349.00465, 1136736.09258);
INSERT INTO "transit_time_factor" VALUES(18, '01RG18', 1, 18, 0.073306384679, 0.0366531923395, -1.60154257933, 116.204281402, -2437.42944969, 27976.9740214, -169892.888692, 428466.026503, -0.410220345339, 97.5385285832, -3261.27980864, 50081.6715974, -377823.821574, 1134642.8373);
INSERT INTO "transit_time_factor" VALUES(19, '01RG19', 1, 19, 0.0761050249636, 0.0361498868577, -1.62741546093, 112.157415724, -2240.7134922, 24420.3212431, -140401.783782, 334354.769804, -0.601272219344, 109.638896843, -3526.88505788, 52697.5932426, -387668.010483, 1135422.24615);
INSERT INTO "transit_time_factor" VALUES(20, '01RG20', 1, 20, 0.0775885929725, 0.0368545816619, -1.63771653767, 113.342623828, -2283.0592029, 25126.5170021, -146104.150446, 352399.418911, -0.492052208094, 100.175327976, -3204.12539933, 47249.2472682, -342217.277063, 985659.083348);
INSERT INTO "transit_time_factor" VALUES(21, '01RG21', 1, 21, 0.0804785297501, 0.0362153383875, -1.63932083305, 107.725228036, -2050.18509908, 21208.5330723, -115336.062076, 258914.792634, -0.682445343372, 111.968939214, -3456.44677239, 49678.6771273, -351320.401727, 987943.919065);
INSERT INTO "transit_time_factor" VALUES(22, '01RG22', 1, 22, 0.0830509426958, 0.0373729242131, -1.66658118998, 106.173326835, -1972.20798501, 19926.3584577, -105923.476582, 232645.448766, -0.67218804836, 108.396552457, -3250.18906393, 45326.0413819, -310882.800018, 847694.602347);
INSERT INTO "transit_time_factor" VALUES(23, '01RG23', 1, 23, 0.0850433543929, 0.036143425617, -1.63923815937, 102.413247567, -1842.9669558, 17923.5775453, -91075.7358036, 189763.304835, -0.770617287898, 114.767206106, -3402.77504713, 47076.9939152, -320241.027353, 865158.290658);
INSERT INTO "transit_time_factor" VALUES(24, '01RG24', 1, 24, 0.0877768787966, 0.0373051734886, -1.66879025698, 100.503986156, -1755.40500074, 16574.301385, -81799.3296307, 165634.657433, -0.801112875073, 113.525232319, -3256.99345942, 43647.2216908, -287662.0297, 752973.497696);
INSERT INTO "transit_time_factor" VALUES(25, '01RG25', 1, 25, 0.0899559112658, 0.0359823645063, -1.62741994166, 95.3156128935, -1586.97508603, 14102.0715872, -64448.2379788, 118255.719012, -0.932802927475, 121.697867286, -3445.25054307, 45735.1938463, -298544.955454, 773225.344538);
INSERT INTO "transit_time_factor" VALUES(26, '01RG26', 1, 26, 0.0925276529138, 0.0370110611655, -1.65206230959, 94.0002990095, -1530.47262479, 13317.7636768, -59727.9298398, 107909.9139, -0.944854909862, 119.400084391, -3287.70887551, 42454.2210855, -269553.322398, 678997.105839);
INSERT INTO "transit_time_factor" VALUES(27, '01RG27', 1, 27, 0.0950242092148, 0.0356340784555, -1.5867364838, 86.5364283532, -1300.74045333, 10107.3276307, -38276.6892857, 52207.886823, -1.10879259847, 129.092680136, -3497.37539958, 44619.2765967, -279889.806772, 695880.294096);
INSERT INTO "transit_time_factor" VALUES(28, '01RG28', 1, 28, 0.0972562742055, 0.0364711028271, -1.61487060366, 86.921459545, -1306.4911972, 10264.9181352, -40166.1301612, 59605.9831322, -1.07971487811, 124.736370146, -3313.31572437, 41384.8646957, -254002.606741, 617679.723978);
INSERT INTO "transit_time_factor" VALUES(29, '01RG29', 1, 29, 0.0999595902109, 0.0374848463291, -1.63410274254, 85.2754802013, -1248.15351908, 9549.68022215, -36395.869693, 52637.3173897, -1.10387322795, 123.058357631, -3178.77331398, 38632.6074585, -230731.335538, 545995.580918);
INSERT INTO "transit_time_factor" VALUES(30, '01RG30', 1, 30, 0.102791795383, 0.0359771283839, -1.52386048669, 74.248538818, -933.876887499, 5455.52184816, -10878.6681645, -9114.68970295, -1.3353910011, 135.75871475, -3436.58513662, 41149.0737937, -242223.710612, 564506.315026);
INSERT INTO "transit_time_factor" VALUES(31, '01RG31', 1, 31, 0.10409142781, 0.0364319997336, -1.58107744747, 79.5096470275, -1086.08126209, 7509.18895865, -24244.6137277, 24814.155529, -1.19726443222, 126.650477196, -3199.69599429, 38051.632546, -222048.302389, 512476.609152);
INSERT INTO "transit_time_factor" VALUES(32, '02RG01', 2, 1, 0.108180302354, 0.0459766285006, -1.36286352145, 84.3025974143, -1398.23244225, 12558.6636681, -59064.2844375, 114222.917976, 0.172381058164, 37.9869186652, -1044.59569276, 12093.2343605, -66927.0660481, 145318.151116);
INSERT INTO "transit_time_factor" VALUES(33, '02RG02', 2, 2, 0.11111253089, 0.0472228256281, -1.37337695731, 83.0059603844, -1348.06940855, 11845.4871254, -54462.0237368, 102901.385511, 0.196983786505, 35.8645875949, -970.219408397, 10977.6264688, -59276.0839598, 125483.978362);
INSERT INTO "transit_time_factor" VALUES(34, '02RG03', 2, 3, 0.114048787211, 0.0484707345648, -1.39193784388, 81.9735530841, -1303.14387354, 11199.0304041, -50324.2197779, 92881.3865332, 0.206818092761, 34.5727889223, -916.047862126, 10121.8789052, -53329.3845799, 110110.155372);
INSERT INTO "transit_time_factor" VALUES(35, '02RG04', 2, 4, 0.116987057426, 0.0497194994061, -1.40194240277, 80.6308292592, -1254.3540371, 10541.1934035, -46293.5515323, 83466.5084785, 0.223713452232, 33.0157780733, -859.501882642, 9285.92902414, -47777.6841293, 96281.1578961);
INSERT INTO "transit_time_factor" VALUES(36, '02RG05', 2, 5, 0.119928012832, 0.0539676057744, -1.37847427901, 77.564602413, -1170.3915959, 9532.03692549, -40555.8904615, 70839.7624938, 0.349836788326, 25.4628170298, -674.587311246, 7110.6699335, -35414.7053495, 68942.0545765);
INSERT INTO "transit_time_factor" VALUES(37, '02RG06', 2, 6, 0.122870310834, 0.0522198821042, -1.42024893768, 78.0467011393, -1164.49062642, 9373.93612735, -39394.519936, 67914.8107064, 0.260365808557, 30.0059252644, -756.433915122, 7827.54462594, -38471.1349769, 73971.4894466);
INSERT INTO "transit_time_factor" VALUES(38, '02RG07', 2, 7, 0.125812608835, 0.0534703587548, -1.43170010028, 76.8341344906, -1122.49360121, 8842.83886344, -36354.2309092, 61291.4507973, 0.270995979815, 28.9537315472, -716.667713018, 7257.03635792, -34872.7460094, 65534.4275958);
INSERT INTO "transit_time_factor" VALUES(39, '02RG08', 2, 8, 0.128755578134, 0.054721120707, -1.4440169109, 75.6771498084, -1082.76108138, 8349.65463447, -33589.229687, 55397.6439171, 0.279125385859, 28.0676264847, -681.775734734, 6757.39509087, -31762.1935669, 58366.5144717);
INSERT INTO "transit_time_factor" VALUES(40, '02RG09', 2, 9, 0.131697204838, 0.055971312056, -1.45727875607, 74.5853477499, -1045.52059923, 7896.04974027, -31099.5047919, 50206.0881253, 0.285727327632, 27.2830690823, -650.106285958, 6307.64518147, -29007.4093676, 52139.5734044);
INSERT INTO "transit_time_factor" VALUES(41, '02RG10', 2, 10, 0.134637488946, 0.0605868700256, -1.42917872765, 71.5181978856, -971.243077512, 7102.98912914, -27091.7996265, 42368.2707502, 0.399879583359, 21.1909579508, -516.395674105, 4901.30558089, -21875.3745053, 38084.4967213);
INSERT INTO "transit_time_factor" VALUES(42, '02RG11', 2, 11, 0.137576430458, 0.0584699829448, -1.48159189695, 72.4197555221, -975.137380967, 7069.27343691, -26713.0134482, 41357.5338558, 0.298999554965, 25.83587123, -593.245006518, 5523.79716005, -24352.7818471, 41944.5844003);
INSERT INTO "transit_time_factor" VALUES(43, '02RG12', 2, 12, 0.140512015482, 0.0632304069671, -1.45626668763, 69.5178283122, -906.917491591, 6368.31380681, -23313.3093553, 34983.7629689, 0.405811369316, 20.3097826097, -475.746865156, 4331.94978329, -18538.7880154, 30940.2349196);
INSERT INTO "transit_time_factor" VALUES(44, '02RG13', 2, 13, 0.143444915315, 0.0645502118919, -1.4705917783, 68.5707633952, -877.01573183, 6036.40844516, -21657.8585878, 31848.9624505, 0.405886120619, 20.0182086786, -459.15546938, 4095.76167506, -17171.7495682, 28075.7450279);
INSERT INTO "transit_time_factor" VALUES(45, '02RG14', 2, 14, 0.14637445866, 0.0658685063969, -1.48471866535, 67.670492017, -849.053798714, 5731.72691879, -20166.593894, 29078.2216628, 0.408255484968, 19.6595585962, -442.33971083, 3868.52207241, -15899.2956908, 25481.1668685);
INSERT INTO "transit_time_factor" VALUES(46, '02RG15', 2, 15, 0.149299974217, 0.0671849883979, -1.50047421842, 66.813442124, -822.331858249, 5444.96450018, -18788.9837332, 26568.7968437, 0.405357577508, 19.5107740507, -429.318073268, 3679.07405098, -14821.4999006, 23286.3674082);
INSERT INTO "transit_time_factor" VALUES(47, '02RG16', 2, 16, 0.152220790691, 0.0646938360437, -1.55809724118, 67.8181538006, -828.559019657, 5445.3202864, -18641.794911, 26135.5234064, 0.289961546058, 24.3430708511, -502.998686902, 4231.48506221, -16865.2155279, 26263.6378376);
INSERT INTO "transit_time_factor" VALUES(48, '02RG17', 2, 17, 0.155136908081, 0.0659331859343, -1.57469896559, 66.9788747642, -802.889052706, 5176.9460365, -17387.8316974, 23916.1995488, 0.28178717078, 24.3260141874, -491.376098586, 4052.38768026, -15842.7622165, 24204.7881871);
INSERT INTO "transit_time_factor" VALUES(49, '02RG18', 2, 18, 0.158047655088, 0.0711214447896, -1.54926773701, 64.3857865421, -748.822852751, 4684.47865112, -15270.8839043, 20398.8805903, 0.388753109013, 19.4114735999, -398.599397969, 3217.33029185, -12229.4739143, 18139.756739);
INSERT INTO "transit_time_factor" VALUES(50, '02RG19', 2, 19, 0.160952360416, 0.0724285621872, -1.5679076418, 63.6848866005, -727.287452203, 4467.54406065, -14300.5311023, 18757.4662781, 0.379347204081, 19.5217306188, -391.225068683, 3096.02904309, -11548.7047309, 16815.769086);
INSERT INTO "transit_time_factor" VALUES(51, '02RG20', 2, 20, 0.163851695362, 0.0696369705288, -1.62768109575, 64.6836199528, -733.684132706, 4476.48566663, -14227.9488111, 18520.3255356, 0.252093806535, 24.4685886658, -461.87619384, 3593.3112241, -13278.904611, 19191.0815265);
INSERT INTO "transit_time_factor" VALUES(52, '02RG21', 2, 21, 0.166744988628, 0.0750352448826, -1.60516004463, 62.3022033557, -686.18820473, 4065.69467086, -12554.5109361, 15887.2545585, 0.35633049256, 19.873017463, -379.041491778, 2884.13708797, -10365.6178885, 14553.2146227);
INSERT INTO "transit_time_factor" VALUES(53, '02RG22', 2, 22, 0.169631568917, 0.0763342060126, -1.62361272011, 61.6296679135, -666.777693243, 3881.10422652, -11774.2500626, 14639.4017809, 0.344037838552, 20.0795357167, -373.869496449, 2791.25803791, -9853.37632217, 13593.1368411);
INSERT INTO "transit_time_factor" VALUES(54, '02RG23', 2, 23, 0.172511436228, 0.073317360397, -1.6845950436, 62.6096348829, -673.036644699, 3892.98601457, -11733.3304236, 14486.4217098, 0.206851518805, 25.1348582949, -442.766683919, 3254.74468874, -11396.2866238, 15622.0177956);
INSERT INTO "transit_time_factor" VALUES(55, '02RG24', 2, 24, 0.175383919265, 0.0789227636691, -1.66450034079, 60.4245590016, -631.337793342, 3549.88839858, -10405.61526, 12502.8398758, 0.3120998437, 20.6931561555, -366.488183397, 2633.60648244, -8970.96614525, 11953.2924087);
INSERT INTO "transit_time_factor" VALUES(56, '02RG25', 2, 25, 0.178249689323, 0.0757561179624, -1.72412947104, 61.3101911195, -636.279471078, 3554.39076717, -10349.2797214, 12347.2148941, 0.167094852103, 25.8562844389, -434.799221187, 3080.18597147, -10416.521154, 13802.7306656);
INSERT INTO "transit_time_factor" VALUES(57, '02RG26', 2, 26, 0.181108075107, 0.0814986337982, -1.70612936795, 59.274294853, -598.445827043, 3252.69727881, -9219.10221316, 10713.2989078, 0.275122405716, 21.4380168823, -361.440531231, 2502.59490196, -8235.4767501, 10611.6877884);
INSERT INTO "transit_time_factor" VALUES(58, '02RG27', 2, 27, 0.183958405318, 0.0781823222601, -1.76515758862, 60.1017027984, -602.691749851, 3254.63629545, -9164.32760154, 10576.614194, 0.122814838912, 26.6800139791, -428.746196763, 2929.98407213, -9579.89721553, 12283.9441832);
INSERT INTO "transit_time_factor" VALUES(59, '02RG28', 2, 28, 0.186802022551, 0.084060910148, -1.75680813748, 58.3158054892, -568.946438065, 2989.77591238, -8196.2637989, 9215.83815362, 0.213392680624, 22.8398925735, -364.50494223, 2429.38066469, -7724.45401086, 9630.82431401);
INSERT INTO "transit_time_factor" VALUES(60, '02RG29', 2, 29, 0.189606033218, 0.0805825641176, -1.71993713845, 53.1210915589, -483.5086153, 2390.65718213, -6209.65222415, 6653.463783, -0.292223394677, 37.7850293619, -535.043898456, 3415.7780282, -10604.3629864, 13004.9505792);
INSERT INTO "transit_time_factor" VALUES(61, '02RG30', 2, 30, 0.19238453457, 0.0865730405566, -1.73559888686, 52.5884506033, -471.105686485, 2292.53587172, -5860.9228243, 6181.22340449, -0.168012033402, 32.8683718438, -458.613112827, 2853.49818561, -8618.5696361, 10284.6908718);
INSERT INTO "transit_time_factor" VALUES(62, '02RG31', 2, 31, 0.195155651648, 0.0878200432414, -1.74840096761, 52.0396434417, -459.172458629, 2200.88843527, -5542.30589029, 5757.88924892, -0.176328404769, 32.7653550171, -450.137373483, 2759.88231178, -8215.85058436, 9663.81306462);
INSERT INTO "transit_time_factor" VALUES(63, '02RG32', 2, 32, 0.19791938445, 0.0841157383911, -1.76454523904, 51.5402900473, -447.766377411, 2113.26566537, -5240.30620532, 5361.36104482, -0.344102284415, 37.9994636875, -512.305527422, 3126.7383186, -9289.98311906, 10908.1941225);
INSERT INTO "transit_time_factor" VALUES(64, '02RG33', 2, 33, 0.200675061679, 0.0903037777555, -1.78337138535, 51.135573918, -437.831663226, 2036.75981112, -4978.73133049, 5021.73541584, -0.217543043082, 33.1906862028, -440.699575263, 2622.29676931, -7584.10584074, 8670.58981867);
INSERT INTO "transit_time_factor" VALUES(65, '02RG34', 2, 34, 0.203422683335, 0.0915402075008, -1.79966778807, 50.6533008059, -427.126490534, 1956.98833779, -4712.05201747, 4682.04730029, -0.240055260295, 33.4455776395, -436.651372744, 2560.1914212, -7300.21913061, 8230.34622569);
INSERT INTO "transit_time_factor" VALUES(66, '02RG35', 2, 35, 0.206162249419, 0.0876189560029, -1.81133827569, 50.0250165375, -414.769141352, 1868.35132946, -4422.74424908, 4320.66817221, -0.417879415269, 38.7682944413, -497.548547154, 2906.60324131, -8278.31761199, 9323.43868417);
INSERT INTO "transit_time_factor" VALUES(67, '02RG36', 2, 36, 0.208893088631, 0.0940018898841, -1.83300900405, 49.7334556726, -406.974753295, 1809.95260232, -4231.23035053, 4083.0248061, -0.288542578881, 34.0266364828, -429.703144072, 2447.70001342, -6788.61741608, 7447.85176558);
INSERT INTO "transit_time_factor" VALUES(68, '02RG37', 2, 37, 0.211615872271, 0.095227142522, -1.84852529462, 49.2482110169, -396.928207651, 1738.87272789, -4004.85626328, 3807.92956966, -0.314698670022, 34.355116146, -426.78577738, 2396.81296765, -6557.73028696, 7099.1840974);
INSERT INTO "transit_time_factor" VALUES(69, '02RG38', 2, 38, 0.214329257743, 0.0964481659842, -1.86240905075, 48.773719664, -387.466265911, 1673.28135734, -3799.47736034, 3562.19716372, -0.332890274471, 34.4833900714, -421.960117263, 2337.62002523, -6311.72218187, 6744.22768208);
INSERT INTO "transit_time_factor" VALUES(70, '02RG39', 2, 39, 0.217033245046, 0.0976649602706, -1.87766875501, 48.2963888811, -377.921505087, 1607.72920079, -3596.60129609, 3322.50229336, -0.360758731027, 34.8437595182, -419.606509427, 2292.79341858, -6109.78649537, 6444.81060721);
INSERT INTO "transit_time_factor" VALUES(71, '02RG40', 2, 40, 0.219728505478, 0.0988778274652, -1.89326152274, 47.84018819, -368.863177842, 1546.43331006, -3409.89508596, 3105.42901568, -0.389302056835, 35.208760754, -417.342919888, 2249.50813125, -5916.76153186, 6161.90536576);
INSERT INTO "transit_time_factor" VALUES(72, '02RG41', 2, 41, 0.222414367742, 0.0945261062905, -1.89342778746, 46.9247324718, -354.557175055, 1455.83997323, -3142.97821247, 2802.10719414, -0.5853882754, 40.6384261593, -475.191679231, 2556.31686467, -6724.86436639, 7004.78012395);
INSERT INTO "transit_time_factor" VALUES(73, '02RG42', 2, 42, 0.225090831838, 0.0956636035312, -1.90642047825, 46.412399411, -345.28773922, 1395.96114436, -2967.47964105, 2605.27995449, -0.618373199679, 41.0467675673, -472.81215132, 2510.27184307, -6520.97873232, 6708.88274979);
INSERT INTO "transit_time_factor" VALUES(74, '02RG43', 2, 43, 0.227757226468, 0.0967968212488, -1.91785168975, 45.8633317367, -335.789213079, 1335.89585632, -2794.39510152, 2414.15372914, -0.652524240613, 41.4746129043, -470.714720648, 2466.96387772, -6329.46565673, 6433.12876223);
INSERT INTO "transit_time_factor" VALUES(75, '02RG44', 2, 44, 0.230413551631, 0.103686098234, -1.95074609462, 45.9569700729, -333.890270939, 1319.74783016, -2745.40355857, 2360.45637622, -0.513608648945, 36.8193086442, -410.440002779, 2098.44704816, -5248.19194194, 5202.51915613);
INSERT INTO "transit_time_factor" VALUES(76, '02RG45', 2, 45, 0.233059807328, 0.0990504181146, -1.94023045286, 44.8153837301, -318.096255445, 1226.69988045, -2487.238828, 2082.98275584, -0.716232181833, 42.1948080328, -465.406320504, 2378.18847041, -5955.03715828, 5909.67922163);
INSERT INTO "transit_time_factor" VALUES(77, '02RG46', 2, 46, 0.235696664857, 0.100171082564, -1.95068103037, 44.273398613, -309.281424242, 1173.67213809, -2341.52150636, 1929.38690732, -0.752474988192, 42.6405997376, -463.665309912, 2339.8789553, -5789.46542125, 5678.43344063);
INSERT INTO "transit_time_factor" VALUES(78, '02RG47', 2, 47, 0.238322781623, 0.10128718219, -1.96094474165, 43.7395736266, -300.766189836, 1123.34538925, -2205.60028554, 1788.54364605, -0.78925710702, 43.0856719298, -461.948318126, 2302.56532827, -5630.11830202, 5458.50106866);
INSERT INTO "transit_time_factor" VALUES(79, '02RG48', 2, 48, 0.240938157624, 0.108422170931, -2.000951304, 44.0473039473, -301.615819067, 1123.97632652, -2205.40206066, 1789.52421167, -0.645591737769, 38.4668229343, -404.842878937, 1969.28477316, -4696.56536108, 4444.05281614);
INSERT INTO "transit_time_factor" VALUES(80, '02RG49', 2, 49, 0.243543464159, 0.103505972267, -1.97836407448, 42.6165501026, -283.626983898, 1024.58788267, -1944.58058608, 1523.52388903, -0.866195071357, 44.0288880377, -459.248261879, 2234.59777066, -5339.47296471, 5061.24813093);
INSERT INTO "transit_time_factor" VALUES(81, '02RG50', 2, 50, 0.246137358632, 0.110761811385, -2.02330118851, 43.0673555284, -286.187629264, 1034.98621751, -1971.0558214, 1552.62388119, -0.719199062514, 39.3962361458, -403.237413101, 1914.94124051, -4463.80366946, 4130.56849338);
INSERT INTO "transit_time_factor" VALUES(82, '02RG51', 2, 51, 0.24872118364, 0.105706503047, -1.99388369069, 41.5052317492, -267.362024483, 933.923579087, -1712.38736004, 1294.98252168, -0.941109296929, 44.8901759475, -456.00225983, 2167.49025849, -5064.25302021, 4696.00996584);
INSERT INTO "transit_time_factor" VALUES(83, '02RG52', 2, 52, 0.251294267883, 0.10680006385, -2.00098848698, 40.9446576253, -259.416144489, 890.726240823, -1604.34297588, 1191.0797132, -0.982025481404, 45.3800215101, -454.982567442, 2137.92967834, -4940.60837285, 4532.36250303);
INSERT INTO "transit_time_factor" VALUES(84, '02RG53', 2, 53, 0.253855940065, 0.107888774528, -2.00734374169, 40.376858525, -251.561100484, 848.754225582, -1501.02948962, 1093.27756451, -1.02316637762, 45.8609681297, -453.895735646, 2108.68847643, -4820.30950112, 4375.19519145);
INSERT INTO "transit_time_factor" VALUES(85, '02RG54', 2, 54, 0.256406871483, 0.115383092167, -2.06130949934, 41.074741466, -256.893254606, 873.945123857, -1565.15285103, 1159.23122645, -0.87063035696, 41.234475281, -400.295203551, 1815.59983445, -4050.90094523, 3591.41163412);
INSERT INTO "transit_time_factor" VALUES(86, '02RG55', 2, 55, 0.258946390839, 0.110052216107, -2.01679779415, 39.195895734, -235.873596078, 767.086695162, -1304.59119354, 911.394800776, -1.10772754214, 46.8423154609, -452.024840852, 2053.7223766, -4595.72265296, 4085.33329076);
INSERT INTO "transit_time_factor" VALUES(87, '02RG56', 2, 56, 0.261475169432, 0.111126947009, -2.02070061848, 38.6035150309, -228.237809369, 728.256761934, -1213.23714145, 828.640507819, -1.15083039861, 47.3345917554, -451.157562683, 2027.53776714, -4490.06048649, 3950.91418239);
INSERT INTO "transit_time_factor" VALUES(88, '02RG57', 2, 57, 0.263991864665, 0.118796339099, -2.08386569831, 39.5447910538, -236.087977407, 765.830613444, -1306.45128254, 920.860180639, -0.99059585375, 42.6419122345, -398.627299066, 1749.52679034, -3782.98345748, 3252.68429497);
INSERT INTO "transit_time_factor" VALUES(89, '02RG58', 2, 58, 0.266497819135, 0.119924018611, -2.09039606162, 39.0322026133, -229.405582771, 732.214352844, -1228.4275064, 851.081739845, -1.03267965769, 43.1318552005, -398.283401181, 1729.40477416, -3701.54362967, 3151.1355355);
INSERT INTO "transit_time_factor" VALUES(90, '02RG59', 2, 59, 0.268992361542, 0.114321753655, -2.02918206107, 36.8330401245, -206.313011794, 620.342504298, -967.259801308, 612.821056546, -1.27996155712, 48.754714984, -448.309473311, 1951.63627208, -4192.31178375, 3580.60038293);
INSERT INTO "transit_time_factor" VALUES(91, '02RG60', 2, 60, 0.271475491889, 0.115377084053, -2.02902093659, 36.1930220649, -198.799851535, 584.545440524, -887.919741478, 545.052832278, -1.32482960593, 49.2418721444, -447.517195932, 1928.06641284, -4100.75425473, 3468.55511295);
INSERT INTO "transit_time_factor" VALUES(92, '02RG61', 2, 61, 0.273947210173, 0.123276244578, -2.10340795388, 37.4042612031, -209.271766049, 634.168128647, -1007.22962929, 658.567168376, -1.16207884533, 44.6065488507, -397.431888588, 1672.6392968, -3475.08558518, 2873.63016977);
INSERT INTO "transit_time_factor" VALUES(93, '02RG62', 2, 62, 0.276406845098, 0.124383080294, -2.10656861503, 36.8587785462, -202.794212414, 603.599795434, -940.278080091, 601.974673233, -1.20583569429, 45.0895860784, -397.109237206, 1654.39487609, -3404.07065039, 2788.43112793);
INSERT INTO "transit_time_factor" VALUES(94, '02RG63', 2, 63, 0.278855067962, 0.118513403884, -2.02768253067, 34.3415790608, -177.758238481, 487.412762467, -679.518903975, 372.97435326, -1.45986646079, 50.6641194782, -445.066825682, 1860.43391309, -3844.09309732, 3160.77848075);
INSERT INTO "transit_time_factor" VALUES(95, '02RG64', 2, 64, 0.281291878764, 0.126581345444, -2.11203635697, 35.7848496637, -190.338615999, 546.034764704, -816.782444144, 499.765075062, -1.29270399405, 46.0235212374, -396.313174936, 1618.65557353, -3268.06075687, 2627.94406632);
INSERT INTO "transit_time_factor" VALUES(96, '02RG65', 2, 65, 0.283717277504, 0.127672774877, -2.11251975246, 35.2121365352, -183.956946078, 517.219737561, -756.160075391, 450.504928609, -1.33814334732, 46.5148807173, -396.145162456, 1602.34712033, -3205.35633719, 2554.36316278);
INSERT INTO "transit_time_factor" VALUES(97, '02RG66', 2, 66, 0.286130592885, 0.121605501976, -2.0185466629, 32.4282167822, -157.323596858, 397.488260711, -495.223342672, 227.748408164, -1.5998113497, 52.0907140955, -442.866250923, 1798.01459922, -3612.84483052, 2890.6805617);
INSERT INTO "transit_time_factor" VALUES(98, '03RG01', 3, 1, 0.288568746283, 0.129855935827, -2.15106414608, 37.1908325444, -204.385835268, 610.41683618, -958.988286124, 622.675231379, -1.02400427904, 39.9122701967, -341.321030556, 1371.14242808, -2713.76338935, 2135.63826836);
INSERT INTO "transit_time_factor" VALUES(99, '03RG02', 3, 2, 0.291016969146, 0.123682211887, -2.09316377928, 35.2578243901, -185.558128217, 525.862430838, -776.059405311, 468.053202473, -1.27622716024, 45.2566234955, -385.64850025, 1554.51458988, -3090.56375015, 2442.31538808);
INSERT INTO "transit_time_factor" VALUES(100, '03RG03', 3, 3, 0.29345310865, 0.124717571176, -2.09450471053, 34.722451287, -179.630457952, 499.500340441, -721.634746774, 424.765036405, -1.32128158203, 45.7476274015, -385.614514262, 1539.63451763, -3033.33542259, 2375.97218831);
INSERT INTO "transit_time_factor" VALUES(101, '03RG04', 3, 4, 0.295877836093, 0.133145026242, -2.16374366108, 35.7455357741, -187.699922385, 534.608282737, -799.410755067, 493.058210235, -1.15338107747, 41.3737774297, -342.216565063, 1335.77048682, -2572.672743, 1971.57785199);
INSERT INTO "transit_time_factor" VALUES(102, '03RG05', 3, 5, 0.298291151474, 0.126773739376, -2.0932048949, 33.5946473788, -167.575727536, 447.016829435, -615.220931577, 341.556192801, -1.41229098357, 46.7184590964, -385.492820801, 1510.6043476, -2923.55255052, 2250.50564666);
INSERT INTO "transit_time_factor" VALUES(103, '03RG06', 3, 6, 0.300692383495, 0.135311572573, -2.17106851107, 34.8091648726, -177.29161785, 488.888355707, -706.299710877, 419.889413283, -1.23993784911, 42.31436072, -342.61431316, 1312.7869526, -2484.33681127, 1871.53969904);
INSERT INTO "transit_time_factor" VALUES(104, '03RG07', 3, 7, 0.303082203456, 0.136386991555, -2.17213069897, 34.2984136305, -171.86202229, 465.585163231, -659.70767872, 383.888137743, -1.28491889425, 42.8028149264, -342.966507473, 1302.28364544, -2443.3756789, 1825.34821997);
INSERT INTO "transit_time_factor" VALUES(105, '03RG08', 3, 8, 0.305460611354, 0.137457275109, -2.17286249715, 33.7927259293, -166.580810723, 443.276390916, -615.806058762, 350.509738533, -1.32962443913, 43.2744899575, -343.175137822, 1291.37427805, -2402.23109921, 1779.68667986);
INSERT INTO "transit_time_factor" VALUES(106, '03RG09', 3, 9, 0.307826264595, 0.138521819068, -2.17357181247, 33.2968812224, -161.47109188, 421.981030342, -574.47047355, 319.520937193, -1.37468249805, 43.7445667642, -343.382751261, 1280.706545, -2362.32578534, 1735.76402877);
INSERT INTO "transit_time_factor" VALUES(107, '03RG10', 3, 10, 0.310180505775, 0.131826714954, -2.07802330545, 30.7197258334, -138.752204771, 327.668250451, -384.566221536, 169.718002493, -1.64349311679, 49.070449349, -384.902583976, 1442.30029596, -2674.79973877, 1975.10714077);
INSERT INTO "transit_time_factor" VALUES(108, '03RG11', 3, 11, 0.312523334893, 0.13282241733, -2.0713951979, 30.1021613177, -132.917466571, 304.485233343, -341.420101063, 138.759256067, -1.69087297304, 49.5370800347, -384.804051531, 1429.57606633, -2629.54636763, 1926.22857734);
INSERT INTO "transit_time_factor" VALUES(109, '03RG12', 3, 12, 0.314854080652, 0.133812984277, -2.06713913971, 29.54859578, -127.709720358, 284.166660688, -304.503472102, 113.020924201, -1.73714026384, 49.9796302012, -384.555142495, 1416.56413729, -2584.54342335, 1878.31645575);
INSERT INTO "transit_time_factor" VALUES(110, '03RG13', 3, 13, 0.317172743052, 0.134798415797, -2.05982727671, 28.9418352743, -122.157378659, 262.755473873, -265.870027751, 86.2053805637, -1.7844759373, 50.4280660741, -384.336572271, 1403.84439681, -2540.75502821, 1832.01949675);
INSERT INTO "transit_time_factor" VALUES(111, '03RG14', 3, 14, 0.319479993389, 0.143765997025, -2.16490821433, 30.719827306, -136.386944152, 321.596804097, -386.721243103, 183.803400897, -1.60276440633, 46.0341314007, -344.157522803, 1229.85289574, -2178.08760624, 1538.1915125);
INSERT INTO "transit_time_factor" VALUES(112, '03RG15', 3, 15, 0.32177448907, 0.136754157855, -2.04294444648, 27.7175490751, -111.231219905, 221.477005454, -192.883325758, 36.6157283217, -1.87961998913, 51.3132283635, -383.87997074, 1379.15431965, -2456.93808023, 1744.49552657);
INSERT INTO "transit_time_factor" VALUES(113, '03RG16', 3, 16, 0.324057572689, 0.14582590771, -2.15574940425, 29.6471202401, -126.591796398, 284.236600362, -319.951266981, 137.705302084, -1.69583543643, 46.9297117524, -344.393337897, 1210.70573656, -2111.01380831, 1468.35109575);
INSERT INTO "transit_time_factor" VALUES(114, '03RG17', 3, 17, 0.326329244247, 0.138689928805, -2.02316643109, 26.4818514455, -100.55612971, 182.232478128, -125.363965659, -7.93901513087, -1.97516200036, 52.1775195706, -383.341357386, 1355.13318589, -2377.16271487, 1662.63538322);
INSERT INTO "transit_time_factor" VALUES(115, '03RG18', 3, 18, 0.328588161147, 0.147864672516, -2.14508632452, 28.5859818742, -117.180905172, 249.252324624, -259.016645941, 96.7497774208, -1.78831796162, 47.790545416, -344.439605931, 1191.67898116, -2046.44125361, 1402.46553559);
INSERT INTO "transit_time_factor" VALUES(116, '03RG19', 3, 19, 0.330835665986, 0.148876049694, -2.13793852304, 28.0357917121, -112.439905561, 231.980268815, -229.490749173, 77.2798537007, -1.83481316005, 48.2125288542, -344.406664716, 1182.20663255, -2014.96920124, 1370.81504124);
INSERT INTO "transit_time_factor" VALUES(117, '03RG20', 3, 20, 0.333071758763, 0.141555497474, -1.98925488115, 24.6311535479, -85.1633532969, 127.523840169, -34.4832095446, -65.6279172197, -2.11737859999, 53.4085071084, -382.208775264, 1319.65931829, -2263.35644107, 1548.62036266);
INSERT INTO "transit_time_factor" VALUES(118, '03RG21', 3, 21, 0.335295096883, 0.142500416175, -1.97516636074, 23.9821132593, -79.936892093, 109.364024969, -4.9320984692, -84.0000822192, -2.16490169068, 53.8072983242, -381.783600579, 1308.10593665, -2227.1330436, 1512.97019784);
INSERT INTO "transit_time_factor" VALUES(119, '03RG22', 3, 22, 0.337507022942, 0.151878160324, -2.11254699895, 26.3725625818, -98.549423245, 182.657904951, -147.269688713, 24.4597636001, -1.97496076268, 49.4554519779, -344.24923049, 1154.75827995, -1925.42560111, 1282.15520396);
INSERT INTO "transit_time_factor" VALUES(120, '03RG23', 3, 23, 0.339707536939, 0.152868391622, -2.10309177935, 25.8205094945, -94.076006016, 167.19376056, -122.191422351, 8.82406003482, -2.02149041341, 49.8544106101, -344.116745759, 1145.67908604, -1896.65048201, 1254.20667546);
INSERT INTO "transit_time_factor" VALUES(121, '03RG24', 3, 24, 0.341895967576, 0.153853185409, -2.09342706471, 25.2730667298, -89.6862978909, 152.166306953, -98.0657082797, -6.05529804076, -2.06774631357, 50.2473835582, -343.975864605, 1136.78134379, -1868.68370672, 1227.23336183);
INSERT INTO "transit_time_factor" VALUES(122, '03RG25', 3, 25, 0.344072314855, 0.146230733813, -1.91622310243, 21.4544993064, -60.2976657537, 43.5240936898, 98.0442168779, -145.10121291, -2.35392288711, 55.3331739836, -379.82122659, 1263.12007756, -2090.01664996, 1380.84023284);
INSERT INTO "transit_time_factor" VALUES(123, '03RG26', 3, 26, 0.346237250071, 0.14715083128, -1.89838376501, 20.7903136462, -55.3099384653, 27.2082265074, 122.998490933, -159.578352868, -2.40074540127, 55.6925799218, -379.220965945, 1251.97328366, -2057.18386821, 1349.94256525);
INSERT INTO "transit_time_factor" VALUES(124, '03RG27', 3, 27, 0.348390773226, 0.148066078621, -1.88115563685, 20.152160534, -50.6043780888, 12.1723294785, 145.312933918, -172.008193304, -2.44744941659, 56.0457154111, -378.602846654, 1240.97170964, -2025.11075928, 1320.00161834);
INSERT INTO "transit_time_factor" VALUES(125, '03RG28', 3, 28, 0.350532213022, 0.148976190534, -1.86268397729, 19.5002223742, -45.8505546186, -2.91322654749, 167.588111387, -184.373110825, -2.4940473618, 56.3929396401, -377.969957201, 1230.12507832, -1993.80383184, 1291.00703641);
INSERT INTO "transit_time_factor" VALUES(126, '03RG29', 3, 29, 0.352662240756, 0.15869800834, -2.03119145007, 22.4357073104, -67.9984038254, 80.6871332035, 12.4813425339, -71.5587398085, -2.29927514469, 52.1200952346, -342.80070669, 1092.97786236, -1736.15109819, 1102.73641168);
INSERT INTO "transit_time_factor" VALUES(127, '03RG30', 3, 30, 0.354780856428, 0.159651385393, -2.01715640062, 21.8682338136, -63.8276947711, 67.4150295865, 32.2651423522, -82.8035482095, -2.34462209062, 52.4673085898, -342.442301523, 1084.29739496, -1710.98503745, 1079.7508857);
INSERT INTO "transit_time_factor" VALUES(128, '03RG31', 3, 31, 0.356887388741, 0.160599324934, -2.00232698445, 21.2977393516, -59.7032551808, 54.4823783226, 51.2402474626, -93.390612634, -2.39042826466, 52.8158001947, -342.103642315, 1075.82536513, -1686.52592592, 1057.53680867);
INSERT INTO "transit_time_factor" VALUES(129, '03RG32', 3, 32, 0.358983180291, 0.152567851624, -1.78362117644, 16.907013549, -27.5570812232, -59.1453489449, 247.69927096, -226.896384366, -2.67766405189, 57.6963228628, -375.09382314, 1187.42676949, -1874.22390189, 1182.59916957);
INSERT INTO "transit_time_factor" VALUES(130, '03RG33', 3, 33, 0.361067559778, 0.1624804019, -1.97040415791, 20.1450057982, -51.5315331662, 29.2799356752, 87.5959785202, -113.291524189, -2.48113712877, 53.4845689808, -341.28466772, 1058.8302163, -1638.5374284, 1014.56022793);
INSERT INTO "transit_time_factor" VALUES(131, '03RG34', 3, 34, 0.363139855907, 0.163412935158, -1.95398411616, 19.5751275692, -47.5689629012, 17.2895504609, 104.528332752, -122.323987104, -2.52632701204, 53.8114061565, -340.858243809, 1050.51131542, -1615.37133614, 994.041847506);
INSERT INTO "transit_time_factor" VALUES(132, '03RG35', 3, 35, 0.365201411271, 0.15521059979, -1.71719598852, 14.9455359987, -14.3303177163, -98.1250528969, 300.669238785, -253.367018345, -2.81263321164, 58.5875790837, -372.595340175, 1156.09151023, -1790.01890953, 1108.49929623);
INSERT INTO "transit_time_factor" VALUES(133, '03RG36', 3, 36, 0.367251554574, 0.156081910694, -1.69448643807, 14.3013636214, -10.0878724013, -110.321322332, 316.747762419, -261.065774643, -2.85663851347, 58.8648106731, -371.689330962, 1145.76012462, -1762.9216273, 1085.05543991);
INSERT INTO "transit_time_factor" VALUES(134, '03RG37', 3, 37, 0.369290285815, 0.166180628617, -1.90090009252, 17.8532750214, -35.8823414235, -17.3297372002, 152.330494477, -147.160664367, -2.6600037098, 54.7427616307, -339.378885603, 1025.75968922, -1548.14412713, 935.493769403);
INSERT INTO "transit_time_factor" VALUES(135, '03RG38', 3, 38, 0.371318276292, 0.167093224332, -1.88132735447, 17.2658047672, -31.9932641246, -28.6171387848, 167.594019232, -154.902806639, -2.70393531013, 55.0358369795, -338.807506968, 1017.51904259, -1526.34938514, 916.845211329);
INSERT INTO "transit_time_factor" VALUES(136, '04RG01', 4, 1, 0.373336868601, 0.158668169156, -1.63979380798, 12.7436952373, -0.286525279385, -136.560772238, 347.583057028, -272.873017669, -2.96251711182, 59.3368148801, -367.242072269, 1111.19560595, -1679.28710251, 1015.54313295);
INSERT INTO "transit_time_factor" VALUES(137, '04RG02', 4, 2, 0.375345391444, 0.159521791364, -1.61479379353, 12.0972274082, 3.78542805294, -147.780855083, 361.67328973, -279.189382891, -3.00553823182, 59.5884303875, -366.269701503, 1101.28821957, -1654.27905992, 994.539189228);
INSERT INTO "transit_time_factor" VALUES(138, '04RG03', 4, 3, 0.377343173523, 0.160370848747, -1.58921208718, 11.4505309617, 7.80955488583, -158.730821893, 375.208936305, -285.112287549, -3.0481916154, 59.8316854011, -365.26718028, 1091.43485143, -1629.68465671, 974.050239599);
INSERT INTO "transit_time_factor" VALUES(139, '04RG04', 4, 4, 0.37932954354, 0.170698294593, -1.81623266532, 15.3024177175, -19.4829510193, -63.0032724324, 210.651265109, -174.282477026, -2.85129802956, 55.816934053, -334.688382791, 981.04623602, -1437.58992412, 843.967683754);
INSERT INTO "transit_time_factor" VALUES(140, '04RG05', 4, 5, 0.381304501496, 0.171587025673, -1.79510898788, 14.7300797011, -15.8978493883, -72.8465826867, 223.133434782, -180.106193438, -2.89421571869, 56.0838425044, -334.059370482, 973.284635815, -1417.95645037, 827.742513415);
INSERT INTO "transit_time_factor" VALUES(141, '04RG06', 4, 6, 0.383269389986, 0.172471225494, -1.7730905558, 14.1508305352, -12.304909884, -82.6392358568, 235.469613791, -185.824817701, -2.93658863818, 56.3389752442, -333.370010875, 965.436851801, -1398.41494413, 811.747396179);
INSERT INTO "transit_time_factor" VALUES(142, '04RG07', 4, 7, 0.385222195116, 0.163719432924, -1.75043143552, 13.5693674697, -8.73889804187, -92.2533539027, 247.427640278, -191.272618681, -3.21593857678, 60.7411665757, -361.104951814, 1053.01793342, -1535.98825346, 897.375737389);
INSERT INTO "transit_time_factor" VALUES(143, '04RG08', 4, 8, 0.38716493078, 0.164545095582, -1.72756693121, 12.9933579516, -5.24985666649, -101.532503298, 258.771060021, -196.310696708, -3.25715343295, 60.9522719044, -360.020746338, 1043.62367946, -1513.61554026, 879.399962961);
INSERT INTO "transit_time_factor" VALUES(144, '04RG09', 4, 9, 0.389096254383, 0.165365908113, -1.70395294915, 12.41215295, -1.75651647906, -110.777228457, 270.038783601, -201.314707884, -3.29796424426, 61.155724305, -358.913823876, 1034.29537029, -1491.62074112, 861.858212427);
INSERT INTO "transit_time_factor" VALUES(145, '04RG10', 4, 10, 0.391016837221, 0.17595757675, -1.6809128652, 11.8485545913, 1.58544783817, -119.458351328, 280.338463491, -205.68944578, -3.10440558943, 57.3178374193, -330.573994165, 935.158911125, -1324.45829053, 752.164810281);
INSERT INTO "transit_time_factor" VALUES(146, '04RG11', 4, 11, 0.392927350594, 0.176817307767, -1.65587381194, 11.260922115, 5.0413504322, -128.414694752, 290.984602757, -210.250449512, -3.14497919989, 57.5351123212, -329.745655982, 927.446287297, -1306.2795196, 737.847568384);
INSERT INTO "transit_time_factor" VALUES(147, '04RG12', 4, 12, 0.394826451905, 0.16780124206, -1.63148123391, 10.6917678281, 8.34458483095, -136.826656788, 300.740922063, -214.265109924, -3.41789972735, 61.7205155203, -355.457672313, 1006.67767903, -1427.76987542, 811.672717601);
INSERT INTO "transit_time_factor" VALUES(148, '04RG13', 4, 13, 0.396714812452, 0.168603795292, -1.60623525604, 10.1168777177, 11.6493553221, -145.174662972, 310.339267218, -218.169933553, -3.45715131813, 61.8948836387, -354.26605776, 997.597148158, -1407.16618128, 795.706842083);
INSERT INTO "transit_time_factor" VALUES(149, '04RG14', 4, 14, 0.398592432235, 0.179366594506, -1.58013524871, 9.53554537205, 14.9648642662, -153.503242831, 319.872989866, -222.036379467, -3.26647835879, 58.1793483486, -327.360381865, 905.33387896, -1254.66921443, 697.612595654);
INSERT INTO "transit_time_factor" VALUES(150, '04RG15', 4, 15, 0.400459982552, 0.170195492585, -1.55395018305, 8.96092849022, 18.2035848601, -161.527135663, 328.886107716, -225.578291667, -3.53405744111, 62.2173787214, -351.801200303, 979.578061554, -1366.92381678, 764.882066636);
INSERT INTO "transit_time_factor" VALUES(151, '04RG16', 4, 16, 0.402316792106, 0.170984636645, -1.52810851064, 8.4003586551, 21.3163270278, -169.084430622, 337.115824616, -228.626924817, -3.57216719289, 62.3725141729, -350.567690169, 970.74114182, -1347.39585944, 750.056190986);
INSERT INTO "transit_time_factor" VALUES(152, '04RG17', 4, 17, 0.404163532193, 0.181873589487, -1.50107986619, 7.82599586917, 24.5012689384, -176.855986525, 345.695454234, -231.916612987, -3.38423394602, 58.7578791627, -324.76164449, 883.509152668, -1205.26681993, 659.928540533);
INSERT INTO "transit_time_factor" VALUES(153, '04RG18', 4, 18, 0.405999531516, 0.172549800894, -1.7437909772, 11.6422297697, -0.32492739786, -96.9766982178, 219.577974734, -153.775029117, -3.6465502154, 62.6553746921, -348.015317019, 953.175753586, -1309.17553949, 721.360228068);
INSERT INTO "transit_time_factor" VALUES(154, '04RG19', 4, 19, 0.407824790075, 0.173325535782, -1.72108744301, 11.1348556079, 2.4912437099, -103.864638228, 227.308856461, -156.90122784, -3.68311262807, 62.7868346151, -346.717223841, 944.505876582, -1290.5632816, 707.531061343);
INSERT INTO "transit_time_factor" VALUES(155, '04RG20', 4, 20, 0.409640650466, 0.18433829271, -1.6981187492, 10.6297198468, 5.26966346959, -110.599708571, 234.789089272, -159.881415192, -3.49892966162, 59.2845013436, -322.043734856, 862.245095767, -1158.38661078, 624.874462362);
INSERT INTO "transit_time_factor" VALUES(156, '04RG21', 4, 21, 0.411446441391, 0.174864737591, -1.67394543161, 10.1127792442, 8.09171640889, -117.410313043, 242.330994498, -162.883042089, -3.75500031544, 63.0306830497, -344.077550071, 927.3585664, -1254.20939685, 680.778149218);
INSERT INTO "transit_time_factor" VALUES(157, '04RG22', 4, 22, 0.413241491552, 0.185958671198, -1.65043568339, 9.61282374419, 10.7850847152, -123.792462034, 249.210552893, -165.495811436, -3.57308681934, 59.5984604538, -320.109621734, 848.165131753, -1128.10464236, 602.626946041);
INSERT INTO "transit_time_factor" VALUES(158, '04RG23', 4, 23, 0.415027143545, 0.176386536007, -1.62666589166, 9.11483323631, 13.4464619053, -130.050715359, 255.898115591, -168.005325625, -3.82485153011, 63.2459736484, -341.369920442, 910.446851215, -1218.97684448, 655.192585571);
INSERT INTO "transit_time_factor" VALUES(159, '04RG24', 4, 24, 0.416802726071, 0.17714115858, -1.60189759991, 8.60907424091, 16.1234265314, -136.294913183, 262.510460653, -170.454266279, -3.85887124146, 63.3403154187, -339.973697116, 902.024994391, -1201.69165887, 642.776747406);
INSERT INTO "transit_time_factor" VALUES(160, '04RG25', 4, 25, 0.418568239132, 0.188355707609, -1.57741924923, 8.11275683463, 18.7280606011, -142.310093203, 268.798898172, -172.736239387, -3.6815195227, 60.0298304817, -317.143964251, 827.569303345, -1084.68331045, 571.214448844);
INSERT INTO "transit_time_factor" VALUES(161, '04RG26', 4, 26, 0.420324354024, 0.189145959311, -1.55251748901, 7.61710684018, 21.3013809707, -148.183362713, 274.84090937, -174.867847763, -3.71651197952, 60.156211147, -316.092081949, 820.688647018, -1070.48270369, 561.091630336);
INSERT INTO "transit_time_factor" VALUES(162, '04RG27', 4, 27, 0.422070399449, 0.179379919766, -1.52614761992, 7.10480815008, 23.954765341, -154.26260513, 281.164927186, -177.161844284, -3.95868264084, 63.5943662012, -335.766638118, 877.329652397, -1151.73729735, 607.315736316);
INSERT INTO "transit_time_factor" VALUES(163, '04RG28', 4, 28, 0.423807046707, 0.190713171018, -1.50080706979, 6.61449163905, 26.4545730617, -159.856560148, 286.769045124, -179.048365911, -3.78560514258, 60.3982193482, -313.995643402, 807.22382309, -1042.96571547, 541.637063445);
INSERT INTO "transit_time_factor" VALUES(164, '04RG29', 4, 29, 0.425534295796, 0.180852075713, -1.47598464715, 6.13764220121, 28.855883815, -165.135117426, 291.905231323, -180.672220063, -4.02250378575, 63.7284657574, -332.880093016, 861.121766245, -1119.63703769, 584.893589844);
INSERT INTO "transit_time_factor" VALUES(165, '04RG30', 4, 30, 0.427252146717, 0.181582162355, -1.45009411804, 5.65104887743, 31.2926652737, -170.484354995, 297.127811415, -182.349553879, -4.05369273052, 63.7860794078, -331.417425368, 853.102713453, -1103.94470513, 574.034484057);
CREATE TABLE rf_gap(
  id integer primary key,
  name text, 
  view_index double precision unique,
  frequency_model double precision, 
  length_model double precision,
  amplitude_model double precision not null default 0.0,
  amplitude_tmp double precision not null default 0.0,
  amplitude_tilt_tmp double precision not null default 0.0,
  amplitude_design double precision not null default 0.0,
  ref_phase_model double precision not null default 0.0,
  ref_phase_design double precision not null default 0.0,
  beam_phase_shift_model double precision not null default 0.0, 
  energy_out_model double precision not null default 0.0,
  beta_center_model double precision not null default 0.0,
  dg_model double precision,
  t_model double precision,
  tp_model double precision,
  sp_model double precision, 
  module_id integer,
  tank_id integer,
  cell_id integer,
  model_index integer unique, 
  model_type text not null default 'dtl_gap'
);
INSERT INTO "rf_gap" VALUES(1, '01RG01', 2.0, 201.25, 0.034668, 1.70634428797146, 1.70634428797146, 0.0, 1.73980483992326, -0.411757265331997, -0.453785605518526, 3.63028484414821, 0.812832291142269, 0.040679080483477, 0.00257870984928687, 0.701308267780434, 0.072820714657826, 0.0477220034324026, 1, 1, 1, 112, 'dtl_gap');
INSERT INTO "rf_gap" VALUES(2, '01RG02', 4.0, 201.25, 0.028315, 1.59184483682664, 1.59184483682664, 0.0, 1.6230601122182, -0.411757265331997, -0.453785605518526, 3.63028484414821, 0.879743517166122, 0.0423365904055705, 0.000777192511924818, 0.727303208803338, 0.0709682978576746, 0.0484978827042139, 1, 1, 2, 114, 'dtl_gap');
INSERT INTO "rf_gap" VALUES(3, '01RG03', 6.0, 201.25, 0.029596, 1.48747169643466, 1.48747169643466, 0.0, 1.51664026711892, -0.411757265331997, -0.453785605518526, 3.63028484414821, 0.950893056890789, 0.0440316389241208, 0.000167037995929047, 0.742126074390865, 0.0691716731109034, 0.0492370341923739, 1, 1, 3, 116, 'dtl_gap');
INSERT INTO "rf_gap" VALUES(4, '01RG04', 8.0, 201.25, 0.032991, 1.63765159415573, 1.63765159415573, 0.0, 1.66976511698431, -0.411757265331997, -0.453785605518526, 3.63028484414821, 1.02643914431345, 0.0457636658913439, 0.000586150994380132, 0.748555779735957, 0.0674368983965354, 0.049936883288402, 1, 1, 4, 118, 'dtl_gap');
INSERT INTO "rf_gap" VALUES(5, '01RG05', 10.0, 201.25, 0.035957, 1.74178562137686, 1.74178562137686, 0.0, 1.77594116002391, -0.411757265331997, -0.453785605518526, 3.63028484414821, 1.1065393145092, 0.0475320770466789, 0.000763468902429401, 0.756037486680269, 0.0657692249411308, 0.0505954432062194, 1, 1, 5, 120, 'dtl_gap');
INSERT INTO "rf_gap" VALUES(6, '01RG06', 12.0, 201.25, 0.038381, 1.69925107870627, 1.69925107870627, 0.0, 1.73257253639743, -0.411757265331997, -0.453785605518526, 3.63028484414821, 1.19135289254037, 0.0493362879404028, 0.000642941363470142, 0.76533803951906, 0.064170783771089, 0.0512125107587766, 1, 1, 6, 122, 'dtl_gap');
INSERT INTO "rf_gap" VALUES(7, '01RG07', 14.0, 201.25, 0.034164, 1.65600808097193, 1.65600808097193, 0.0, 1.68848156526028, -0.411757265331996, -0.453785605518526, 3.63028484414821, 1.28104225244099, 0.0511757636500081, 0.000305488230570816, 0.775848554152541, 0.0626422314370493, 0.0517886860768389, 1, 1, 7, 124, 'dtl_gap');
INSERT INTO "rf_gap" VALUES(8, '01RG08', 16.0, 201.25, 0.031447, 1.71190368497358, 1.71190368497358, 0.0, 1.74547325390016, -0.411757265331997, -0.453785605518526, 3.63028484414821, 1.37576643475698, 0.0530499527275154, 0.000691999654061619, 0.779723009318463, 0.0611920584314118, 0.0523206484797559, 1, 1, 8, 126, 'dtl_gap');
INSERT INTO "rf_gap" VALUES(9, '01RG09', 18.0, 201.25, 0.034344, 1.72052192477326, 1.72052192477326, 0.0, 1.75426049304105, -0.411757265331997, -0.453785605518526, 3.63028484414821, 1.47568986189618, 0.0549583330500643, 0.000729901235778949, 0.785914441052611, 0.059818322463372, 0.0528105765969623, 1, 1, 9, 128, 'dtl_gap');
INSERT INTO "rf_gap" VALUES(10, '01RG10', 20.0, 201.25, 0.037036, 1.69609495857143, 1.69609495857143, 0.0, 1.72935452633658, -0.411757265331997, -0.453785605518526, 3.63028484414821, 1.58097719773522, 0.0569004268521121, 0.000640050867001287, 0.792632628112357, 0.0585256658300343, 0.0532574263293079, 1, 1, 10, 130, 'dtl_gap');
INSERT INTO "rf_gap" VALUES(11, '01RG11', 22.0, 201.25, 0.039957, 1.71032517177042, 1.71032517177042, 0.0, 1.74386378684823, -0.411757265331997, -0.453785605518526, 3.63028484414821, 1.69179839433375, 0.0588758069689568, 0.000639797444150467, 0.798059659360492, 0.0573129041229445, 0.0536631407608883, 1, 1, 11, 132, 'dtl_gap');
INSERT INTO "rf_gap" VALUES(12, '01RG12', 24.0, 201.25, 0.043446, 1.73968498427124, 1.73968498427124, 0.0, 1.7737993304828, -0.411757265331997, -0.453785605518526, 3.63028484414821, 1.80832605819245, 0.0608841021748665, 0.000898929914638669, 0.800757411304237, 0.0561825681313894, 0.0540279913816169, 1, 1, 12, 134, 'dtl_gap');
INSERT INTO "rf_gap" VALUES(13, '01RG13', 26.0, 201.25, 0.046007, 1.73759918034892, 1.73759918034892, 0.0, 1.77167262499624, -0.411757265331996, -0.453785605518526, 3.63028484414821, 1.93073667358517, 0.0629249822312413, 0.000669711697334101, 0.807162166580476, 0.0551362577927319, 0.0543529124040325, 1, 1, 13, 136, 'dtl_gap');
INSERT INTO "rf_gap" VALUES(14, '01RG14', 28.0, 201.25, 0.048857, 1.81706042078033, 1.81706042078033, 0.0, 1.85269206032557, -0.411757265331997, -0.453785605518526, 3.63028484414821, 2.05921416277083, 0.0649981952463412, 0.000560863015218196, 0.812083213494409, 0.0541716087848618, 0.0546407191953031, 1, 1, 14, 138, 'dtl_gap');
INSERT INTO "rf_gap" VALUES(15, '01RG15', 30.0, 201.25, 0.045141, 1.81595928006314, 1.81595928006314, 0.0, 1.85156932679359, -0.411757265331997, -0.453785605518526, 3.63028484414821, 2.19394774882416, 0.0671035597656077, 0.000795036419258186, 0.813709077131257, 0.0532896679294753, 0.0548928888926654, 1, 1, 15, 140, 'dtl_gap');
INSERT INTO "rf_gap" VALUES(16, '01RG16', 32.0, 201.25, 0.040279, 1.81688590207776, 1.81688590207776, 0.0, 1.85251411939915, -0.411757265331996, -0.453785605518526, 3.63028484414821, 2.33513395950048, 0.0692409588342312, 0.000432342767899758, 0.819947673395783, 0.0524895697727298, 0.0551119242643594, 1, 1, 16, 142, 'dtl_gap');
INSERT INTO "rf_gap" VALUES(17, '01RG17', 34.0, 201.25, 0.044848, 1.8599636158493, 1.8599636158493, 0.0, 1.89643656543825, -0.411757265331997, -0.453785605518526, 3.63028484414821, 2.48297687621395, 0.0714103445627075, 0.00111133839970859, 0.817201078743514, 0.0517708547977581, 0.0553004259850909, 1, 1, 17, 144, 'dtl_gap');
INSERT INTO "rf_gap" VALUES(18, '01RG18', 36.0, 201.25, 0.046861, 1.84231835665538, 1.84231835665538, 0.0, 1.87844529159997, -0.411757265331996, -0.453785605518526, 3.63028484414821, 2.63769036462497, 0.073611748752969, 0.00048852580861015, 0.824905586665334, 0.0511305803784975, 0.0554621058177019, 1, 1, 18, 146, 'dtl_gap');
INSERT INTO "rf_gap" VALUES(19, '01RG19', 38.0, 201.25, 0.05103, 1.88734353655037, 1.88734353655037, 0.0, 1.92435339259221, -0.411757265331997, -0.453785605518526, 3.63028484414821, 2.79949900562666, 0.0758452912013022, 0.000919840670957885, 0.823715059070759, 0.0505648621079931, 0.0556010258885726, 1, 1, 19, 148, 'dtl_gap');
INSERT INTO "rf_gap" VALUES(20, '01RG20', 40.0, 201.25, 0.05324, 1.8773549037718, 1.8773549037718, 0.0, 1.91416888775641, -0.411757265331997, -0.453785605518526, 3.63028484414821, 2.96863512949312, 0.0781111449013833, 0.000347661198845026, 0.830344049378483, 0.0500747321438253, 0.0557202244470501, 1, 1, 20, 150, 'dtl_gap');
INSERT INTO "rf_gap" VALUES(21, '01RG21', 42.0, 201.25, 0.057545, 1.9698729456572, 1.9698729456572, 0.0, 2.00850116183915, -0.411757265331997, -0.453785605518526, 3.63028484414821, 3.1453435625564, 0.0804095529642046, 0.000798828903634186, 0.828607508675995, 0.049654146279591, 0.0558249415372172, 1, 1, 21, 152, 'dtl_gap');
INSERT INTO "rf_gap" VALUES(22, '01RG22', 44.0, 201.25, 0.061377, 1.97228663913445, 1.97228663913445, 0.0, 2.01096218662965, -0.411757265331997, -0.453785605518526, 3.63028484414821, 3.32987888100862, 0.0827408171633575, 0.00098912436329829, 0.828773189538145, 0.0493010113652249, 0.0559198340688686, 1, 1, 22, 154, 'dtl_gap');
INSERT INTO "rf_gap" VALUES(23, '01RG23', 46.0, 201.25, 0.064345, 2.00975150810266, 2.00975150810266, 0.0, 2.04916172280618, -0.411757265331997, -0.453785605518526, 3.63028484414821, 3.52250763685029, 0.0851052943979605, 0.000722791866249133, 0.8323170449139, 0.049009059097167, 0.0560104833967551, 1, 1, 23, 156, 'dtl_gap');
INSERT INTO "rf_gap" VALUES(24, '01RG24', 48.0, 201.25, 0.068417, 2.03186709923776, 2.03186709923776, 0.0, 2.07171098954317, -0.411757265331997, -0.453785605518526, 3.63028484414821, 3.72350428633171, 0.0875033650715977, 0.000983535207871618, 0.831634862523321, 0.0487766777785466, 0.0561027931754189, 1, 1, 24, 158, 'dtl_gap');
INSERT INTO "rf_gap" VALUES(25, '01RG25', 50.0, 201.25, 0.071663, 2.04835241438118, 2.04835241438118, 0.0, 2.08851957341242, -0.411757265331997, -0.453785605518526, 3.63028484414821, 3.93315490699135, 0.089935440608681, 0.000806048608484509, 0.834131329144541, 0.0485948936214584, 0.056202964221762, 1, 1, 25, 160, 'dtl_gap');
INSERT INTO "rf_gap" VALUES(26, '01RG26', 52.0, 201.25, 0.075494, 2.10658954122006, 2.10658954122006, 0.0, 2.14789870097287, -0.411757265331997, -0.453785605518526, 3.63028484414821, 4.15175060349556, 0.0924019242635921, 0.000895498563421167, 0.834454230263471, 0.0484606122941726, 0.0563184273676687, 1, 1, 26, 162, 'dtl_gap');
INSERT INTO "rf_gap" VALUES(27, '01RG27', 54.0, 201.25, 0.079213, 2.07840334758795, 2.07840334758795, 0.0, 2.11915979028184, -0.411757265331997, -0.453785605518526, 3.63028484414821, 4.37958865797777, 0.0949031932356753, 0.000903076321463154, 0.835218963696013, 0.048365690708554, 0.0564563263226138, 1, 1, 27, 164, 'dtl_gap');
INSERT INTO "rf_gap" VALUES(28, '01RG28', 56.0, 201.25, 0.082538, 2.10052192572182, 2.10052192572182, 0.0, 2.14171210259115, -0.411757265331996, -0.453785605518526, 3.63028484414821, 4.61696662015671, 0.0974395661173625, 0.000687489373367511, 0.837385354532366, 0.048303616907029, 0.0566253355093149, 1, 1, 28, 166, 'dtl_gap');
INSERT INTO "rf_gap" VALUES(29, '01RG29', 58.0, 201.25, 0.086565, 2.15648139605883, 2.15648139605883, 0.0, 2.19876890995305, -0.411757265331996, -0.453785605518526, 3.63028484414821, 4.86417995093429, 0.100011269649336, 0.00079650793923852, 0.836991506803549, 0.0482658416837708, 0.05683359952676, 1, 1, 29, 168, 'dtl_gap');
INSERT INTO "rf_gap" VALUES(30, '01RG30', 60.0, 201.25, 0.090784, 2.18107002746783, 2.18107002746783, 0.0, 2.22383971203797, -0.411757265331997, -0.453785605518526, 3.63028484414821, 5.12151426337729, 0.102618394574137, 0.000974973601185889, 0.835863052631, 0.0482440050877302, 0.0570909177446045, 1, 1, 30, 170, 'dtl_gap');
INSERT INTO "rf_gap" VALUES(31, '01RG31', 62.0, 201.25, 0.079445, 2.09348259379464, 2.09348259379464, 0.0, 2.13453473291079, -0.411757265331997, -0.453785605518526, 3.63028484414821, 5.38923725884182, 0.105260834947839, -1.465108413552e-05, 0.842406991657755, 0.0482285074362207, 0.0574079702898696, 1, 1, 31, 172, 'dtl_gap');
INSERT INTO "rf_gap" VALUES(32, '02RG01', 68.0, 201.25, 0.0720931013843, 2.26186513067968, 2.26186513067968, 0.0, 2.3568, -0.358232013372981, -0.453785605518526, -2.56563400043166, 5.69184205149053, 0.108067592392841, 0.000965875775210994, 0.871413098131942, 0.037922982734949, 0.0501705203884145, 2, 2, 1, 178, 'dtl_gap');
INSERT INTO "rf_gap" VALUES(33, '02RG02', 70.0, 201.25, 0.0764580504252, 2.27015710060885, 2.27015710060885, 0.0, 2.36544, -0.358232013372981, -0.453785605518526, -2.56563400043166, 6.00337476999044, 0.1109977728261, 0.000967330829747484, 0.873440162113801, 0.0374071163389808, 0.0502158796897015, 2, 2, 2, 180, 'dtl_gap');
INSERT INTO "rf_gap" VALUES(34, '02RG03', 72.0, 201.25, 0.0808282574272, 2.28029173052229, 2.28029173052229, 0.0, 2.376, -0.358232013372981, -0.453785605518526, -2.56563400043166, 6.32380684186708, 0.113931482916846, 0.000968479655569086, 0.875257790874719, 0.0369461632135273, 0.0502675683950282, 2, 2, 3, 182, 'dtl_gap');
INSERT INTO "rf_gap" VALUES(35, '02RG04', 74.0, 201.25, 0.0852025684964, 2.2973363353767, 2.2973363353767, 0.0, 2.39376, -0.358232013372981, -0.453785605518526, -2.56563400043166, 6.65310600641284, 0.116867948058615, 0.000969337079551451, 0.876877582605235, 0.036537177655806, 0.0503257168723186, 2, 2, 4, 184, 'dtl_gap');
INSERT INTO "rf_gap" VALUES(36, '02RG05', 76.0, 201.25, 0.0895798556101, 2.30240365033341, 2.30240365033341, 0.0, 2.39904, -0.358232013372981, -0.453785605518526, -2.56563400043166, 6.99123235451439, 0.119806411012299, 0.000969902720284015, 0.878299656771874, 0.0361802453519841, 0.0503908422641764, 2, 2, 5, 186, 'dtl_gap');
INSERT INTO "rf_gap" VALUES(37, '02RG06', 78.0, 201.25, 0.0939590376252, 2.31115628525865, 2.31115628525865, 0.0, 2.40816, -0.358232013372981, -0.453785605518526, -2.56563400043166, 7.33814372052043, 0.122746146009016, 0.000970194191440878, 0.879537622957959, 0.0358718769035242, 0.0504629909670559, 2, 2, 6, 188, 'dtl_gap');
INSERT INTO "rf_gap" VALUES(38, '02RG07', 80.0, 201.25, 0.0983390700653, 2.28466804798491, 2.28466804798491, 0.0, 2.38056, -0.358232013372981, -0.453785605518526, -2.56563400043166, 7.69379169447772, 0.125686451894108, 0.000970214069323294, 0.880593813532419, 0.0356115676737588, 0.0505426310284614, 2, 2, 7, 190, 'dtl_gap');
INSERT INTO "rf_gap" VALUES(39, '02RG08', 82.0, 201.25, 0.102718942151, 2.33902651752059, 2.33902651752059, 0.0, 2.4372, -0.358232013372981, -0.453785605518526, -2.56563400043166, 8.05812413284429, 0.128626650133869, 0.000969972601637856, 0.881476296968987, 0.0353972912069872, 0.0506300261312625, 2, 2, 8, 192, 'dtl_gap');
INSERT INTO "rf_gap" VALUES(40, '02RG09', 84.0, 201.25, 0.107097698614, 2.30562830530587, 2.30562830530587, 0.0, 2.4024, -0.358232013372981, -0.453785605518526, -2.56563400043166, 8.43108706429375, 0.131566099457985, 0.000969484934628895, 0.882196697784736, 0.0352260658785999, 0.0507252452022602, 2, 2, 9, 194, 'dtl_gap');
INSERT INTO "rf_gap" VALUES(41, '02RG10', 86.0, 201.25, 0.111474417043, 2.29940932785899, 2.29940932785899, 0.0, 2.39592, -0.358232013372981, -0.453785605518526, -2.56563400043166, 8.81262115753706, 0.134504180655103, 0.000968753520423205, 0.882757316986598, 0.0350973967441595, 0.0508288258182822, 2, 2, 10, 196, 'dtl_gap');
INSERT INTO "rf_gap" VALUES(42, '02RG11', 88.0, 201.25, 0.115848224252, 2.28489838048294, 2.28489838048294, 0.0, 2.3808, -0.358232013372981, -0.453785605518526, -2.56563400043166, 9.20266664905045, 0.137440307557045, 0.000967795542645709, 0.883171206215364, 0.0350079099775219, 0.0509407335088209, 2, 2, 11, 198, 'dtl_gap');
INSERT INTO "rf_gap" VALUES(43, '02RG12', 90.0, 201.25, 0.120218287702, 2.29756666787473, 2.29756666787473, 0.0, 2.394, -0.358232013372981, -0.453785605518526, -2.56563400043166, 9.6011598225954, 0.14037392128123, 0.000966615706105101, 0.883442344285075, 0.034956661961028, 0.0510614435471519, 2, 2, 12, 200, 'dtl_gap');
INSERT INTO "rf_gap" VALUES(44, '02RG13', 92.0, 201.25, 0.124583812909, 2.29157802292588, 2.29157802292588, 0.0, 2.38776, -0.358232013372981, -0.453785605518526, -2.56563400043166, 10.0080353284755, 0.143304488493571, 0.000965224949278696, 0.883579253440465, 0.0349414898504657, 0.0511911834251851, 2, 2, 13, 202, 'dtl_gap');
INSERT INTO "rf_gap" VALUES(45, '02RG14', 94.0, 201.25, 0.128944059749, 2.30816196278423, 2.30816196278423, 0.0, 2.40504, -0.358232013372981, -0.453785605518526, -2.56563400043166, 10.423227821397, 0.146231512350291, 0.000963637916723243, 0.883593023796002, 0.0349595280018049, 0.0513299532490363, 2, 2, 14, 204, 'dtl_gap');
INSERT INTO "rf_gap" VALUES(46, '02RG15', 96.0, 201.25, 0.133298327088, 2.29940932785899, 2.29940932785899, 0.0, 2.39592, -0.358232013372981, -0.453785605518526, -2.56563400043166, 10.8466693990747, 0.149154522180884, 0.000961860193882469, 0.883488358683982, 0.0350096400799134, 0.0514782318419195, 2, 2, 15, 206, 'dtl_gap');
INSERT INTO "rf_gap" VALUES(47, '02RG16', 98.0, 201.25, 0.137645955322, 2.33142554508551, 2.33142554508551, 0.0, 2.42928, -0.358232013372981, -0.453785605518526, -2.56563400043166, 11.2782921140874, 0.152073075195925, 0.000959903879383726, 0.883274558618433, 0.0350894409341693, 0.0516361463988736, 2, 2, 16, 208, 'dtl_gap');
INSERT INTO "rf_gap" VALUES(48, '02RG17', 100.0, 201.25, 0.141986330746, 2.32543690013667, 2.32543690013667, 0.0, 2.42304, -0.358232013372981, -0.453785605518526, -2.56563400043166, 11.7180277973196, 0.154986759415403, 0.000957779298069861, 0.88295967239231, 0.0351968830895937, 0.0518039088621961, 2, 2, 17, 210, 'dtl_gap');
INSERT INTO "rf_gap" VALUES(49, '02RG18', 102.0, 201.25, 0.146318881016, 2.32175158016815, 2.32175158016815, 0.0, 2.4192, -0.358232013372981, -0.453785605518526, -2.56563400043166, 12.1658081093484, 0.157895190627348, 0.000955495742724679, 0.882551078848315, 0.0353301023712652, 0.0519818071711778, 2, 2, 18, 212, 'dtl_gap');
INSERT INTO "rf_gap" VALUES(50, '02RG19', 104.0, 201.25, 0.150643082322, 2.30470697531374, 2.30470697531374, 0.0, 2.40144, -0.358232013372981, -0.453785605518526, -2.56563400043166, 12.6215663370238, 0.160798017198169, 0.000953066711799835, 0.882058899030682, 0.0354864673069247, 0.0521697693094003, 2, 2, 19, 214, 'dtl_gap');
INSERT INTO "rf_gap" VALUES(51, '02RG20', 106.0, 201.25, 0.154958449945, 2.31875725769372, 2.31875725769372, 0.0, 2.41608, -0.358232013372981, -0.453785605518526, -2.56563400043166, 13.0852354614904, 0.163694913737194, 0.000950498725137559, 0.881488700148696, 0.0356646119123308, 0.0523682833902539, 2, 2, 20, 216, 'dtl_gap');
INSERT INTO "rf_gap" VALUES(52, '02RG21', 108.0, 201.25, 0.159264541085, 2.32543690013667, 2.32543690013667, 0.0, 2.42304, -0.358232013372981, -0.453785605518526, -2.56563400043166, 13.5567503845659, 0.16658558299459, 0.000947803868563462, 0.880849651329255, 0.0358621618053443, 0.052577348324446, 2, 2, 21, 218, 'dtl_gap');
INSERT INTO "rf_gap" VALUES(53, '02RG22', 110.0, 201.25, 0.163560952224, 2.34847014993992, 2.34847014993992, 0.0, 2.44704, -0.358232013372981, -0.453785605518526, -2.56563400043166, 14.0360467987442, 0.169469754089411, 0.000944989588841896, 0.880148064041958, 0.0360775517353764, 0.0527974180559336, 2, 2, 22, 220, 'dtl_gap');
INSERT INTO "rf_gap" VALUES(54, '02RG23', 112.0, 201.25, 0.167847323314, 2.31691459770946, 2.31691459770946, 0.0, 2.41416, -0.358232013372981, -0.453785605518526, -2.56563400043166, 14.5230632004594, 0.172347185321813, 0.000942068414903057, 0.879393294860999, 0.0363083376962762, 0.0530283658938883, 2, 2, 23, 222, 'dtl_gap');
INSERT INTO "rf_gap" VALUES(55, '02RG24', 114.0, 201.25, 0.172123335575, 2.30931362527439, 2.30931362527439, 0.0, 2.40624, -0.358232013372981, -0.453785605518526, -2.56563400043166, 15.0177399936514, 0.175217662695275, 0.000939048958133082, 0.878592337695117, 0.0365527495393664, 0.0532704712394851, 2, 2, 24, 224, 'dtl_gap');
INSERT INTO "rf_gap" VALUES(56, '02RG25', 116.0, 201.25, 0.176388709387, 2.31115628525865, 2.31115628525865, 0.0, 2.40816, -0.358232013372981, -0.453785605518526, -2.56563400043166, 15.5200202552579, 0.178080998502103, 0.000935941176448623, 0.877752928574153, 0.0368087934795401, 0.0535238108809123, 2, 2, 25, 226, 'dtl_gap');
INSERT INTO "rf_gap" VALUES(57, '02RG26', 118.0, 201.25, 0.180643201797, 2.35238580240648, 2.35238580240648, 0.0, 2.45112, -0.358232013372981, -0.453785605518526, -2.56563400043166, 16.0298494436556, 0.180937029648574, 0.000932752679826443, 0.876881679976672, 0.0370748249303777, 0.0537888472372894, 2, 2, 26, 228, 'dtl_gap');
INSERT INTO "rf_gap" VALUES(58, '02RG27', 120.0, 201.25, 0.184886609755, 2.37357639222547, 2.37357639222547, 0.0, 2.4732, -0.358232013372981, -0.453785605518526, -2.56563400043166, 16.5471767294483, 0.183785619827534, 0.000929494864744012, 0.875986907947261, 0.0373486462940609, 0.0540653090667117, 2, 2, 27, 230, 'dtl_gap');
INSERT INTO "rf_gap" VALUES(59, '02RG28', 122.0, 201.25, 0.189118766598, 2.34340283498321, 2.34340283498321, 0.0, 2.44176, -0.35823201337298, -0.453785605518526, -2.56563400043166, 17.0719542209617, 0.186626657158434, 0.000926174655648806, 0.875075005907716, 0.0376286891865784, 0.0543537879043121, 2, 2, 28, 232, 'dtl_gap');
INSERT INTO "rf_gap" VALUES(60, '02RG29', 124.0, 201.25, 0.149737686252, 2.34570615996353, 2.34570615996353, 0.0, 2.44416, -0.358232013372981, -0.453785605518526, -2.56563400043166, 17.5946932680096, 0.189428599995961, 0.000904397047148882, 0.858782428373726, 0.0420724293829927, 0.0546203636714227, 2, 2, 29, 234, 'dtl_gap');
INSERT INTO "rf_gap" VALUES(61, '02RG30', 126.0, 201.25, 0.110318283987, 2.32405490514847, 2.32405490514847, 0.0, 2.4216, -0.358232013372981, -0.453785605518526, -2.56563400043166, 18.124597407675, 0.192204817415641, 0.00090144996168414, 0.857979282482933, 0.0423250894322619, 0.0548219957627681, 2, 2, 30, 236, 'dtl_gap');
INSERT INTO "rf_gap" VALUES(62, '02RG31', 128.0, 201.25, 0.114442980579, 2.28950503044359, 2.28950503044359, 0.0, 2.3856, -0.358232013372981, -0.453785605518526, -2.56563400043166, 18.6615922920458, 0.194973716922347, 0.000898405965172069, 0.857112511930588, 0.0425946208546662, 0.055027248185274, 2, 2, 31, 238, 'dtl_gap');
INSERT INTO "rf_gap" VALUES(63, '02RG32', 130.0, 201.25, 0.118556417398, 2.29180835542391, 2.29180835542391, 0.0, 2.388, -0.358232013372981, -0.453785605518526, -2.56563400043166, 19.2056035061594, 0.197735057769038, 0.000895271216730267, 0.856185630200754, 0.0428800872503085, 0.0552356557097447, 2, 2, 32, 240, 'dtl_gap');
INSERT INTO "rf_gap" VALUES(64, '02RG33', 132.0, 201.25, 0.122658249772, 2.31299894524291, 2.31299894524291, 0.0, 2.41008, -0.358232013372981, -0.453785605518526, -2.56563400043166, 19.7565554022566, 0.200488608578087, 0.000892049048392893, 0.855200089586873, 0.0431811025263245, 0.0554468929483928, 2, 2, 33, 242, 'dtl_gap');
INSERT INTO "rf_gap" VALUES(65, '02RG34', 134.0, 201.25, 0.126748139334, 2.2754547480636, 2.2754547480636, 0.0, 2.37096, -0.358232013372981, -0.453785605518526, -2.56563400043166, 20.3143703207893, 0.20323414220438, 0.000888741076759558, 0.854156035099449, 0.0434976302827094, 0.0556606964061702, 2, 2, 34, 244, 'dtl_gap');
INSERT INTO "rf_gap" VALUES(66, '02RG35', 136.0, 201.25, 0.130825762869, 2.28466804798491, 2.28466804798491, 0.0, 2.38056, -0.358232013372981, -0.453785605518526, -2.56563400043166, 20.8789710886853, 0.205971441674766, 0.000885353769252077, 0.853057318373113, 0.0438286428298478, 0.0558766214432704, 2, 2, 35, 246, 'dtl_gap');
INSERT INTO "rf_gap" VALUES(67, '02RG36', 138.0, 201.25, 0.134890807118, 2.29180835542391, 2.29180835542391, 0.0, 2.388, -0.358232013372981, -0.453785605518526, -2.56563400043166, 21.4502785723773, 0.208700296698537, 0.000881888465848917, 0.85190389520692, 0.0441741538854156, 0.0560944165342966, 2, 2, 36, 248, 'dtl_gap');
INSERT INTO "rf_gap" VALUES(68, '02RG37', 140.0, 201.25, 0.138942968931, 2.28351638549474, 2.28351638549474, 0.0, 2.37936, -0.35823201337298, -0.453785605518526, -2.56563400043166, 22.0282133081281, 0.21142050377203, 0.000878349559021396, 0.850698078563275, 0.0445335463893301, 0.05631372473548, 2, 2, 37, 250, 'dtl_gap');
INSERT INTO "rf_gap" VALUES(69, '02RG38', 142.0, 201.25, 0.142981956191, 2.28397705049081, 2.28397705049081, 0.0, 2.37984, -0.358232013372981, -0.453785605518526, -2.56563400043166, 22.612694878221, 0.214131866797505, 0.000874740037341724, 0.849441110535187, 0.0449064909878882, 0.0565342369689322, 2, 2, 38, 252, 'dtl_gap');
INSERT INTO "rf_gap" VALUES(70, '02RG39', 144.0, 201.25, 0.147007491341, 2.30631930279997, 2.30631930279997, 0.0, 2.40312, -0.358232013372981, -0.453785605518526, -2.56563400043166, 23.2036432635692, 0.216834199452338, 0.000871065147292622, 0.848136057064837, 0.0452921685997024, 0.0567555965235751, 2, 2, 39, 254, 'dtl_gap');
INSERT INTO "rf_gap" VALUES(71, '02RG40', 146.0, 201.25, 0.151019306494, 2.33280754007371, 2.33280754007371, 0.0, 2.43072, -0.358232013372981, -0.453785605518526, -2.56563400043166, 23.8009770834012, 0.219527321904585, 0.000867326722196964, 0.846783296198359, 0.0456904796221389, 0.0569775350716679, 2, 2, 40, 256, 'dtl_gap');
INSERT INTO "rf_gap" VALUES(72, '02RG41', 148.0, 201.25, 0.155017140403, 2.31783592770159, 2.31783592770159, 0.0, 2.41512, -0.358232013372981, -0.453785605518526, -2.56563400043166, 24.4046140447837, 0.222211058778793, 0.000863527343178792, 0.845383784053419, 0.0461011704359933, 0.0571997545305472, 2, 2, 41, 258, 'dtl_gap');
INSERT INTO "rf_gap" VALUES(73, '02RG42', 150.0, 201.25, 0.159000745754, 2.3164539327134, 2.3164539327134, 0.0, 2.41368, -0.358232013372981, -0.453785605518526, -2.56563400043166, 25.0144725427063, 0.224885244054334, 0.000859672136174368, 0.84394059416808, 0.0465234192506929, 0.0574219287413989, 2, 2, 42, 260, 'dtl_gap');
INSERT INTO "rf_gap" VALUES(74, '02RG43', 152.0, 201.25, 0.162969886762, 2.28075239551835, 2.28075239551835, 0.0, 2.37648, -0.358232013372981, -0.453785605518526, -2.56563400043166, 25.6304703151507, 0.227549719448785, 0.00085576370253218, 0.842454772184708, 0.0469569492215781, 0.0576437783231946, 2, 2, 43, 262, 'dtl_gap');
INSERT INTO "rf_gap" VALUES(75, '02RG44', 154.0, 201.25, 0.166924338116, 2.30125198784325, 2.30125198784325, 0.0, 2.39784, -0.358232013372981, -0.453785605518526, -2.56563400043166, 26.2525251430793, 0.230204333712197, 0.000851805644878993, 0.840928221025056, 0.0474012517517452, 0.0578650194486233, 2, 2, 44, 264, 'dtl_gap');
INSERT INTO "rf_gap" VALUES(76, '02RG45', 156.0, 201.25, 0.170863881901, 2.28374671799278, 2.28374671799278, 0.0, 2.3796, -0.358232013372981, -0.453785605518526, -2.56563400043166, 26.880553797857, 0.232848940558024, 0.000847799753366125, 0.839361317747709, 0.0478562272180799, 0.0580853705904267, 2, 2, 45, 266, 'dtl_gap');
INSERT INTO "rf_gap" VALUES(77, '02RG46', 158.0, 201.25, 0.174788313334, 2.28512871298097, 2.28512871298097, 0.0, 2.38104, -0.358232013372981, -0.453785605518526, -2.56563400043166, 27.5144742487929, 0.23548340251586, 0.000843751100788257, 0.837757294319951, 0.0483210122294682, 0.0583045676705863, 2, 2, 46, 268, 'dtl_gap');
INSERT INTO "rf_gap" VALUES(78, '02RG47', 160.0, 201.25, 0.178697436611, 2.29203868792195, 2.29203868792195, 0.0, 2.38824, -0.358232013372981, -0.453785605518526, -2.56563400043166, 28.1542034577287, 0.238107588143536, 0.000839661185552583, 0.836116322643014, 0.0487955628037043, 0.058522334554958, 2, 2, 47, 270, 'dtl_gap');
INSERT INTO "rf_gap" VALUES(79, '02RG48', 162.0, 201.25, 0.182591065001, 2.28328605299671, 2.28328605299671, 0.0, 2.37912, -0.358232013372981, -0.453785605518526, -2.56563400043166, 28.799658841011, 0.240721372088294, 0.000835533595868849, 0.834440423020298, 0.049279338810193, 0.0587384173844355, 2, 2, 48, 272, 'dtl_gap');
INSERT INTO "rf_gap" VALUES(80, '02RG49', 164.0, 201.25, 0.18646902238, 2.28029173052229, 2.28029173052229, 0.0, 2.376, -0.358232013372981, -0.453785605518526, -2.56563400043166, 29.4507579429777, 0.243324636118946, 0.000831371260832441, 0.832731074429048, 0.049771946020586, 0.0589525640604354, 2, 2, 49, 274, 'dtl_gap');
INSERT INTO "rf_gap" VALUES(81, '02RG50', 166.0, 201.25, 0.190331142169, 2.27775807304393, 2.27775807304393, 0.0, 2.37336, -0.358232013372981, -0.453785605518526, -2.56563400043166, 30.1074184957359, 0.245917268410704, 0.000827177048174939, 0.830989735255499, 0.0502729955418238, 0.059164529273212, 2, 2, 50, 276, 'dtl_gap');
INSERT INTO "rf_gap" VALUES(82, '02RG51', 168.0, 201.25, 0.194177267174, 2.28927469794556, 2.28927469794556, 0.0, 2.38536, -0.358232013372981, -0.453785605518526, -2.56563400043166, 30.7695584788943, 0.248499163440768, 0.000822953764493946, 0.829217845357723, 0.050782102144167, 0.0593740753545783, 2, 2, 51, 278, 'dtl_gap');
INSERT INTO "rf_gap" VALUES(83, '02RG52', 170.0, 201.25, 0.198007249424, 2.2959543403885, 2.2959543403885, 0.0, 2.39232, -0.358232013372981, -0.453785605518526, -2.56563400043166, 31.4370961762739, 0.251070221875438, 0.000818704153796102, 0.827416824348559, 0.0512988880533228, 0.0595809720023155, 2, 2, 52, 280, 'dtl_gap');
INSERT INTO "rf_gap" VALUES(84, '02RG53', 172.0, 201.25, 0.201820950706, 2.27729740804786, 2.27729740804786, 0.0, 2.37288, -0.358232013372981, -0.453785605518526, -2.56563400043166, 32.1099504279292, 0.253630350933122, 0.000814431139412655, 0.825588311792936, 0.0518229156247335, 0.0597850111563919, 2, 2, 53, 282, 'dtl_gap');
INSERT INTO "rf_gap" VALUES(85, '02RG54', 174.0, 201.25, 0.205618239425, 2.29180835542391, 2.29180835542391, 0.0, 2.388, -0.358232013372981, -0.453785605518526, -2.56563400043166, 32.7880397290876, 0.256179462273951, 0.000810136424857788, 0.823732763033087, 0.0523540642765243, 0.0599859131524905, 2, 2, 54, 284, 'dtl_gap');
INSERT INTO "rf_gap" VALUES(86, '02RG55', 176.0, 201.25, 0.209398994944, 2.30033065785112, 2.30033065785112, 0.0, 2.39688, -0.358232013372981, -0.453785605518526, -2.56563400043166, 33.4712841107583, 0.258717474915438, 0.000805823863628206, 0.821852844755788, 0.052891620260605, 0.0601835595833768, 2, 2, 55, 286, 'dtl_gap');
INSERT INTO "rf_gap" VALUES(87, '02RG56', 178.0, 201.25, 0.213163104293, 2.29019602793769, 2.29019602793769, 0.0, 2.38632, -0.358232013372981, -0.453785605518526, -2.56563400043166, 34.1596032301919, 0.261244313020372, 0.000801494904302498, 0.819948820409505, 0.0534355149367503, 0.0603776667410637, 2, 2, 56, 288, 'dtl_gap');
INSERT INTO "rf_gap" VALUES(88, '02RG57', 180.0, 201.25, 0.216910462201, 2.28305572049868, 2.28305572049868, 0.0, 2.37888, -0.358232013372981, -0.453785605518526, -2.56563400043166, 34.8529176247998, 0.263759905921059, 0.000797152366566358, 0.818022398452773, 0.0539852923673315, 0.06056806708856, 2, 2, 57, 290, 'dtl_gap');
INSERT INTO "rf_gap" VALUES(89, '02RG58', 182.0, 201.25, 0.22064097221, 2.29779700037276, 2.29779700037276, 0.0, 2.39424, -0.358232013372981, -0.453785605518526, -2.56563400043166, 35.5511484138969, 0.266264188865461, 0.000792798595484285, 0.816074848201295, 0.0545406135441363, 0.0607545702533783, 2, 2, 58, 292, 'dtl_gap');
INSERT INTO "rf_gap" VALUES(90, '02RG59', 184.0, 201.25, 0.224354545787, 2.2966453378826, 2.2966453378826, 0.0, 2.39304, -0.358232013372981, -0.453785605518526, -2.56563400043166, 36.2542173406876, 0.268757102420678, 0.000788435876635507, 0.814107416857701, 0.0551011459092185, 0.0609369911008629, 2, 2, 59, 294, 'dtl_gap');
INSERT INTO "rf_gap" VALUES(91, '02RG60', 186.0, 201.25, 0.228051102142, 2.30332498032554, 2.30332498032554, 0.0, 2.4, -0.358232013372981, -0.453785605518526, -2.56563400043166, 36.9620468105149, 0.27123859235317, 0.000784066428017489, 0.812121327270443, 0.055666562590477, 0.0611151522316414, 2, 2, 60, 296, 'dtl_gap');
INSERT INTO "rf_gap" VALUES(92, '02RG61', 188.0, 201.25, 0.231730568043, 2.30056099034915, 2.30056099034915, 0.0, 2.39712, -0.358232013372981, -0.453785605518526, -2.56563400043166, 37.6745599279032, 0.273708609502907, 0.00077969240374312, 0.810117778701912, 0.0562365442358022, 0.0612888828498437, 2, 2, 61, 298, 'dtl_gap');
INSERT INTO "rf_gap" VALUES(93, '02RG62', 190.0, 201.25, 0.235392878146, 2.29457234540031, 2.29457234540031, 0.0, 2.39088, -0.358232013372981, -0.453785605518526, -2.56563400043166, 38.3916806890891, 0.27616711000392, 0.000775316027178103, 0.808098123103393, 0.0568107287534545, 0.0614580479553936, 2, 2, 62, 300, 'dtl_gap');
INSERT INTO "rf_gap" VALUES(94, '02RG63', 192.0, 201.25, 0.239037972635, 2.28259505550261, 2.28259505550261, 0.0, 2.3784, -0.358232013372981, -0.453785605518526, -2.56563400043166, 39.1133332468832, 0.278614053702221, 0.000770938807210886, 0.80606282747017, 0.0573889941868671, 0.0616223771583182, 2, 2, 63, 302, 'dtl_gap');
INSERT INTO "rf_gap" VALUES(95, '02RG64', 194.0, 201.25, 0.242665800376, 2.30171265283931, 2.30171265283931, 0.0, 2.39832, -0.358232013372981, -0.453785605518526, -2.56563400043166, 39.8394434279762, 0.281049406272126, 0.000766563442282227, 0.804014000901295, 0.0579707746448733, 0.0617818842218925, 2, 2, 64, 304, 'dtl_gap');
INSERT INTO "rf_gap" VALUES(96, '02RG65', 196.0, 201.25, 0.246276316411, 2.3263582301288, 2.3263582301288, 0.0, 2.424, -0.358232013372981, -0.453785605518526, -2.56563400043166, 40.5699371668625, 0.283473137532353, 0.000762191249643003, 0.80195194453948, 0.0585559928741658, 0.0619362821078444, 2, 2, 65, 306, 'dtl_gap');
INSERT INTO "rf_gap" VALUES(97, '02RG66', 198.0, 201.25, 0.249869481964, 2.32059991767798, 2.32059991767798, 0.0, 2.418, -0.358232013372981, -0.453785605518526, -2.56563400043166, 41.3047415225827, 0.285885221453251, 0.000757824290292959, 0.799878040364945, 0.0591442785937681, 0.0620854849316099, 2, 2, 66, 308, 'dtl_gap');
INSERT INTO "rf_gap" VALUES(98, '03RG01', 204.0, 201.25, 0.253499675815, 2.32673034772507, 2.32673034772507, 0.0, 2.38896, -0.395425420396487, -0.453785605518526, 3.74993294921386, 42.0616409697816, 0.288322162386537, 0.000777083450762586, 0.816965880222977, 0.0544302953873244, 0.0612355906876375, 3, 3, 1, 316, 'dtl_gap');
INSERT INTO "rf_gap" VALUES(99, '03RG02', 206.0, 201.25, 0.257144063818, 2.34519646159591, 2.34519646159591, 0.0, 2.40792, -0.395425420396487, -0.453785605518526, 3.74993294921386, 42.823164795136, 0.290768631822339, 0.000772754232643091, 0.81504145751139, 0.0549767805369478, 0.0614061581330179, 3, 3, 2, 318, 'dtl_gap');
INSERT INTO "rf_gap" VALUES(100, '03RG03', 208.0, 201.25, 0.260771324653, 2.34192398572006, 2.34192398572006, 0.0, 2.40456, -0.395425420396487, -0.453785605518526, 3.74993294921386, 43.5892241175956, 0.293203603828986, 0.000768402096938932, 0.813086696802393, 0.0555311319555518, 0.0615747971356449, 3, 3, 3, 320, 'dtl_gap');
INSERT INTO "rf_gap" VALUES(101, '03RG04', 210.0, 201.25, 0.264381361645, 2.33818401329053, 2.33818401329053, 0.0, 2.40072, -0.395425420396487, -0.453785605518526, 3.74993294921386, 44.3597366015832, 0.295627013509031, 0.000764037607335304, 0.811109188070686, 0.0560910263609489, 0.0617407827494396, 3, 3, 4, 322, 'dtl_gap');
INSERT INTO "rf_gap" VALUES(102, '03RG05', 212.0, 201.25, 0.267974116575, 2.3400539995053, 2.3400539995053, 0.0, 2.40264, -0.395425420396487, -0.453785605518526, 3.74993294921386, 45.134628066057, 0.298038821779317, 0.000759672431218998, 0.809117876888643, 0.0566543674291498, 0.0619035180409407, 3, 3, 5, 324, 'dtl_gap');
INSERT INTO "rf_gap" VALUES(103, '03RG06', 214.0, 201.25, 0.271549507459, 2.34169023744322, 2.34169023744322, 0.0, 2.40432, -0.395425420396487, -0.453785605518526, 3.74993294921386, 45.9138098161192, 0.300438973605168, 0.000755288446546558, 0.80709797897028, 0.0572250222807103, 0.0620639813173916, 3, 3, 6, 326, 'dtl_gap');
INSERT INTO "rf_gap" VALUES(104, '03RG07', 216.0, 201.25, 0.275107475792, 2.34122274088953, 2.34122274088953, 0.0, 2.40384, -0.395425420396487, -0.453785605518526, 3.74993294921386, 46.6972084351, 0.302827429711584, 0.000750907038358726, 0.805065745986338, 0.0577983720200766, 0.0622208145299965, 3, 3, 7, 328, 'dtl_gap');
INSERT INTO "rf_gap" VALUES(105, '03RG08', 218.0, 201.25, 0.278647959073, 2.34192398572006, 2.34192398572006, 0.0, 2.40456, -0.395425420396487, -0.453785605518526, 3.74993294921386, 47.4847393725724, 0.305204148142834, 0.000746513823782813, 0.803009991695574, 0.0583778176336371, 0.0623751192590283, 3, 3, 8, 330, 'dtl_gap');
INSERT INTO "rf_gap" VALUES(106, '03RG09', 220.0, 201.25, 0.282170914679, 2.34052149605899, 2.34052149605899, 0.0, 2.40312, -0.395425420396487, -0.453785605518526, 3.74993294921386, 48.2763298498225, 0.307569100284391, 0.000742125016652544, 0.800943011324745, 0.058959466036349, 0.0625258439192038, 3, 3, 9, 332, 'dtl_gap');
INSERT INTO "rf_gap" VALUES(107, '03RG10', 222.0, 201.25, 0.285676298409, 2.3426252305506, 2.3426252305506, 0.0, 2.40528, -0.395425420396487, -0.453785605518526, 3.74993294921386, 49.0718993323078, 0.30992225646555, 0.000737731105179993, 0.798857115045824, 0.0595457646206746, 0.062673632810923, 3, 3, 10, 334, 'dtl_gap');
INSERT INTO "rf_gap" VALUES(108, '03RG11', 224.0, 201.25, 0.289164064847, 2.34472896504221, 2.34472896504221, 0.0, 2.40744, -0.395425420396487, -0.453785605518526, 3.74993294921386, 49.871370074895, 0.312263586199121, 0.000733336353036904, 0.796755351834428, 0.0601357741288401, 0.0628182295041322, 3, 3, 11, 336, 'dtl_gap');
INSERT INTO "rf_gap" VALUES(109, '03RG12', 226.0, 201.25, 0.292634196298, 2.34846893747175, 2.34846893747175, 0.0, 2.41128, -0.395425420396487, -0.453785605518526, 3.74993294921386, 50.6746718705898, 0.314593077605006, 0.000728950543506084, 0.79464532583672, 0.0607272760130207, 0.0629590946987806, 3, 3, 12, 338, 'dtl_gap');
INSERT INTO "rf_gap" VALUES(110, '03RG13', 228.0, 201.25, 0.296086680761, 2.34052149605899, 2.34052149605899, 0.0, 2.40312, -0.395425420396487, -0.453785605518526, 3.74993294921386, 51.4817317841293, 0.316910722628108, 0.000724570512691507, 0.792524323812996, 0.0613211207856021, 0.0630964455597723, 3, 3, 13, 340, 'dtl_gap');
INSERT INTO "rf_gap" VALUES(111, '03RG14', 230.0, 201.25, 0.299521500932, 2.33350904775361, 2.33350904775361, 0.0, 2.39592, -0.395425420396487, -0.453785605518526, 3.74993294921386, 52.2924758725662, 0.319216509651077, 0.000720195370476944, 0.790391395075941, 0.06191758922387, 0.0632303455735535, 3, 3, 14, 342, 'dtl_gap');
INSERT INTO "rf_gap" VALUES(112, '03RG15', 232.0, 201.25, 0.302938657447, 2.3370152719063, 2.3370152719063, 0.0, 2.39952, -0.395425420396487, -0.453785605518526, 3.74993294921386, 53.1068367842807, 0.321510439102448, 0.000715833220939484, 0.788252939192223, 0.0625147409952805, 0.0633603711656775, 3, 3, 15, 344, 'dtl_gap');
INSERT INTO "rf_gap" VALUES(113, '03RG16', 234.0, 201.25, 0.306338136196, 2.34098899261268, 2.34098899261268, 0.0, 2.4036, -0.395425420396487, -0.453785605518526, 3.74993294921386, 53.9247374618341, 0.323792501509595, 0.000711472939812143, 0.786099533252986, 0.0631152011719013, 0.0634870707565691, 3, 3, 16, 346, 'dtl_gap');
INSERT INTO "rf_gap" VALUES(114, '03RG17', 236.0, 201.25, 0.309719930044, 2.33865150984422, 2.33865150984422, 0.0, 2.4012, -0.395425420396487, -0.453785605518526, 3.74993294921386, 54.7461086728235, 0.32606269208169, 0.000707124254234941, 0.783938735980397, 0.0637170145080755, 0.063609838406958, 3, 3, 17, 348, 'dtl_gap');
INSERT INTO "rf_gap" VALUES(115, '03RG18', 238.0, 201.25, 0.313084065958, 2.33467778913784, 2.33467778913784, 0.0, 2.39712, -0.395425420396487, -0.453785605518526, 3.74993294921386, 55.5708890154109, 0.328321028923602, 0.000702796744408776, 0.781777845483669, 0.0643178388318014, 0.0637279517723337, 3, 3, 18, 350, 'dtl_gap');
INSERT INTO "rf_gap" VALUES(116, '03RG19', 240.0, 201.25, 0.316430551935, 2.3339765443073, 2.3339765443073, 0.0, 2.3964, -0.395425420396487, -0.453785605518526, 3.74993294921386, 56.3990055479085, 0.330567517402232, 0.000698476343441961, 0.779605754706086, 0.0649210464163635, 0.0638424936381465, 3, 3, 19, 352, 'dtl_gap');
INSERT INTO "rf_gap" VALUES(117, '03RG20', 242.0, 201.25, 0.319759411146, 2.33865150984422, 2.33865150984422, 0.0, 2.4012, -0.395425420396487, -0.453785605518526, 3.74993294921386, 57.2303973624526, 0.332802173072147, 0.000694176612847883, 0.77743367495169, 0.0655233606425676, 0.063952825442946, 3, 3, 20, 354, 'dtl_gap');
INSERT INTO "rf_gap" VALUES(118, '03RG21', 244.0, 201.25, 0.323070670756, 2.34145648916637, 2.34145648916637, 0.0, 2.40408, -0.395425420396487, -0.453785605518526, 3.74993294921386, 58.0649981411504, 0.33502501417036, 0.000689891439677268, 0.775256308302362, 0.0661261885093724, 0.0640592265188877, 3, 3, 21, 356, 'dtl_gap');
INSERT INTO "rf_gap" VALUES(119, '03RG22', 246.0, 201.25, 0.326364347508, 2.34519646159591, 2.34519646159591, 0.0, 2.40792, -0.395425420396487, -0.453785605518526, 3.74993294921386, 58.9027405660319, 0.337236051935369, 0.000685619734240834, 0.773072581820505, 0.0667299007321578, 0.0641617541952623, 3, 3, 22, 358, 'dtl_gap');
INSERT INTO "rf_gap" VALUES(120, '03RG23', 248.0, 201.25, 0.329640476028, 2.34285897882745, 2.34285897882745, 0.0, 2.40552, -0.395425420396487, -0.453785605518526, 3.74993294921386, 59.7435649631078, 0.339435309612198, 0.000681369587214178, 0.770889347386226, 0.0673326598180868, 0.0642600954422295, 3, 3, 23, 360, 'dtl_gap');
INSERT INTO "rf_gap" VALUES(121, '03RG24', 250.0, 201.25, 0.332899116067, 2.34332647538114, 2.34332647538114, 0.0, 2.406, -0.395425420396487, -0.453785605518526, 3.74993294921386, 60.5874174156646, 0.341622827311077, 0.000677146737047796, 0.768711524009399, 0.0679329655832885, 0.0643540371356028, 3, 3, 24, 362, 'dtl_gap');
INSERT INTO "rf_gap" VALUES(122, '03RG25', 252.0, 201.25, 0.336140295248, 2.33514528569153, 2.33514528569153, 0.0, 2.3976, -0.395425420396487, -0.453785605518526, 3.74993294921386, 61.4342278688271, 0.343798623575074, 0.000672935533729735, 0.766524135855288, 0.0685349557189714, 0.0644435422552413, 3, 3, 25, 364, 'dtl_gap');
INSERT INTO "rf_gap" VALUES(123, '03RG26', 254.0, 201.25, 0.33936406618, 2.33748276845999, 2.33748276845999, 0.0, 2.4, -0.395425420396487, -0.453785605518526, 3.74993294921386, 62.2839461343049, 0.345962733721436, 0.000668755388668583, 0.76434493356892, 0.0691338454018955, 0.0645283328344037, 3, 3, 26, 366, 'dtl_gap');
INSERT INTO "rf_gap" VALUES(124, '03RG27', 256.0, 201.25, 0.34257048025, 2.33771651673684, 2.33771651673684, 0.0, 2.40024, -0.395425420396488, -0.453785605518526, 3.74993294921386, 63.136510011774, 0.348115192244891, 0.00066459322362034, 0.762162731150923, 0.0697325677464787, 0.0646090549155886, 3, 3, 27, 368, 'dtl_gap');
INSERT INTO "rf_gap" VALUES(125, '03RG28', 258.0, 201.25, 0.345759578185, 2.33724902018314, 2.33724902018314, 0.0, 2.39976, -0.395425420396488, -0.453785605518526, 3.74993294921386, 63.9918601255515, 0.350256026486366, 0.000660451775268278, 0.759979816506726, 0.0703304521703184, 0.0646855979826802, 3, 3, 28, 370, 'dtl_gap');
INSERT INTO "rf_gap" VALUES(126, '03RG29', 260.0, 201.25, 0.348931421303, 2.33748276845999, 2.33748276845999, 0.0, 2.4, -0.395425420396487, -0.453785605518526, 3.74993294921386, 64.8499445586272, 0.352385277608287, 0.00065633809636326, 0.757802485070312, 0.0709258995740073, 0.0647577675535741, 3, 3, 29, 372, 'dtl_gap');
INSERT INTO "rf_gap" VALUES(127, '03RG30', 262.0, 201.25, 0.352086092773, 2.33117156498515, 2.33117156498515, 0.0, 2.39352, -0.395425420396487, -0.453785605518526, 3.74993294921386, 65.7107169784645, 0.354503001441549, 0.000652256997156133, 0.755635206175896, 0.0715178739109055, 0.0648254915328687, 3, 3, 30, 374, 'dtl_gap');
INSERT INTO "rf_gap" VALUES(128, '03RG31', 264.0, 201.25, 0.35522364241, 2.33140531326199, 2.33140531326199, 0.0, 2.39376, -0.395425420396487, -0.453785605518526, 3.74993294921386, 66.5741131154857, 0.356609231427118, 0.0006481924842954, 0.753461866746648, 0.0721100371849979, 0.0648884069267191, 3, 3, 31, 376, 'dtl_gap');
INSERT INTO "rf_gap" VALUES(129, '03RG32', 266.0, 201.25, 0.358344142556, 2.33748276845999, 2.33748276845999, 0.0, 2.4, -0.395425420396487, -0.453785605518526, 3.74993294921386, 67.4400906214798, 0.358704016127637, 0.00064416432776472, 0.751301281361719, 0.0726979472935359, 0.0649464206437831, 3, 3, 32, 378, 'dtl_gap');
INSERT INTO "rf_gap" VALUES(130, '03RG33', 268.0, 201.25, 0.361447667327, 2.33561278224522, 2.33561278224522, 0.0, 2.39808, -0.395425420396487, -0.453785605518526, 3.74993294921386, 68.3085948597543, 0.360787405297442, 0.000640159609538777, 0.749142319304794, 0.0732844085340499, 0.0650001882339072, 3, 3, 33, 380, 'dtl_gap');
INSERT INTO "rf_gap" VALUES(131, '03RG34', 270.0, 201.25, 0.364534286076, 2.32462661323346, 2.32462661323346, 0.0, 2.3868, -0.395425420396487, -0.453785605518526, 3.74993294921386, 69.1795770591207, 0.36285944549308, 0.000636183425219201, 0.746989683861678, 0.0738681535571587, 0.0650496041224194, 3, 3, 34, 382, 'dtl_gap');
INSERT INTO "rf_gap" VALUES(132, '03RG35', 272.0, 201.25, 0.367604087143, 2.33257405464622, 2.33257405464622, 0.0, 2.39496, -0.395425420396487, -0.453785605518526, 3.74993294921386, 70.0529941571002, 0.364920196016122, 0.000632240415751149, 0.744847813755129, 0.0744480270797677, 0.0650946195062349, 3, 3, 35, 384, 'dtl_gap');
INSERT INTO "rf_gap" VALUES(133, '03RG36', 274.0, 201.25, 0.370657136271, 2.33187280981569, 2.33187280981569, 0.0, 2.39424, -0.395425420396487, -0.453785605518526, 3.74993294921386, 70.928789909291, 0.366969701000579, 0.000628319285887038, 0.742705061892772, 0.0750268921543788, 0.0651348970830327, 3, 3, 36, 386, 'dtl_gap');
INSERT INTO "rf_gap" VALUES(134, '03RG37', 276.0, 201.25, 0.373693504194, 2.33140531326199, 2.33140531326199, 0.0, 2.39376, -0.395425420396487, -0.453785605518526, 3.74993294921386, 71.8069191161733, 0.369008007930265, 0.000624430248200447, 0.740570466473901, 0.0756026087153991, 0.0651699775612671, 3, 3, 37, 388, 'dtl_gap');
INSERT INTO "rf_gap" VALUES(135, '03RG38', 278.0, 201.25, 0.37671329031, 2.3136404442217, 2.3136404442217, 0.0, 2.37552, -0.395425420396487, -0.453785605518526, 3.74993294921386, 72.6873435368959, 0.371035183529685, 0.000620577203838781, 0.738449403539043, 0.0761736032217488, 0.0652006033274709, 3, 3, 38, 390, 'dtl_gap');
INSERT INTO "rf_gap" VALUES(136, '04RG01', 284.0, 201.25, 0.379719520762, 2.44163556957859, 2.44163556957859, 0.0, 2.515968, -0.386705242325629, -0.453785605518526, 3.59537825910832, 73.5713313476199, 0.373053259243201, 0.000617815152475121, 0.737427272828355, 0.076380953580758, 0.0652498420192906, 4, 4, 1, 398, 'dtl_gap');
INSERT INTO "rf_gap" VALUES(137, '04RG02', 286.0, 201.25, 0.382710738069, 2.43016228735724, 2.43016228735724, 0.0, 2.50414542857143, -0.386705242325629, -0.453785605518526, 3.59537825910832, 74.4574985803688, 0.375061256665765, 0.000613970454857764, 0.735287597232004, 0.0769604718282766, 0.0652774480078398, 4, 4, 2, 400, 'dtl_gap');
INSERT INTO "rf_gap" VALUES(138, '04RG03', 288.0, 201.25, 0.385685455332, 2.42842628068748, 2.42842628068748, 0.0, 2.50235657142857, -0.386705242325629, -0.453785605518526, 3.59537825910832, 75.3457925362168, 0.377058177646547, 0.000610145601180498, 0.733148753160404, 0.0775386164550361, 0.0653022835822637, 4, 4, 3, 402, 'dtl_gap');
INSERT INTO "rf_gap" VALUES(139, '04RG04', 290.0, 201.25, 0.388643700636, 2.41647886152231, 2.41647886152231, 0.0, 2.49004542857143, -0.386705242325629, -0.453785605518526, 3.59537825910832, 76.2361467064197, 0.37904404103792, 0.00060632871212249, 0.730999165463379, 0.0781184511907912, 0.0653244763866268, 4, 4, 4, 404, 'dtl_gap');
INSERT INTO "rf_gap" VALUES(140, '04RG05', 292.0, 201.25, 0.391585507529, 2.41299936181, 2.41299936181, 0.0, 2.48646, -0.386705242325629, -0.453785605518526, 3.59537825910832, 77.1285053586209, 0.381018869361053, 0.000602529206175255, 0.728847573676585, 0.0786976896922593, 0.0653437887844874, 4, 4, 5, 406, 'dtl_gap');
INSERT INTO "rf_gap" VALUES(141, '04RG06', 294.0, 201.25, 0.394510924879, 2.40443827860678, 2.40443827860678, 0.0, 2.47763828571429, -0.386705242325629, -0.453785605518526, 3.59537825910832, 78.0228136394904, 0.382982695421645, 0.000598747917668714, 0.726694474846728, 0.0792760546285626, 0.0653600833218912, 4, 4, 6, 408, 'dtl_gap');
INSERT INTO "rf_gap" VALUES(142, '04RG07', 296.0, 201.25, 0.397420029087, 2.39683711475998, 2.39683711475998, 0.0, 2.46980571428571, -0.386705242325629, -0.453785605518526, 3.59537825910832, 78.9190302444681, 0.384935570506582, 0.000594995175541424, 0.724550564452438, 0.079850901018175, 0.0653735669890119, 4, 4, 7, 410, 'dtl_gap');
INSERT INTO "rf_gap" VALUES(143, '04RG08', 298.0, 201.25, 0.400312883072, 2.39018588843925, 2.39018588843925, 0.0, 2.462952, -0.386705242325629, -0.453785605518526, 3.59537825910832, 79.8170995499006, 0.386877536853356, 0.000591258871261306, 0.722403924192376, 0.0804253823853057, 0.0653843232814133, 4, 4, 8, 412, 'dtl_gap');
INSERT INTO "rf_gap" VALUES(144, '04RG09', 300.0, 201.25, 0.403189539718, 2.38447461781417, 2.38447461781417, 0.0, 2.45706685714286, -0.386705242325629, -0.453785605518526, 3.59537825910832, 80.7169698687211, 0.388808629963198, 0.000587542037622804, 0.72025749937217, 0.080998757236146, 0.0653923304597717, 4, 4, 9, 414, 'dtl_gap');
INSERT INTO "rf_gap" VALUES(145, '04RG10', 302.0, 201.25, 0.406050067649, 2.37210712995315, 2.37210712995315, 0.0, 2.44432285714286, -0.386705242325629, -0.453785605518526, 3.59537825910832, 81.6185954046412, 0.390728895903063, 0.000583849111769599, 0.718115714754435, 0.0815699393953873, 0.065397577955797, 4, 4, 10, 416, 'dtl_gap');
INSERT INTO "rf_gap" VALUES(146, '04RG11', 304.0, 201.25, 0.408894544629, 2.3536257709744, 2.3536257709744, 0.0, 2.42527885714286, -0.386705242325629, -0.453785605518526, 3.59537825910832, 82.5219319106008, 0.392638386875892, 0.000580180929128868, 0.715979457793677, 0.0821386951293419, 0.0654000768076949, 4, 4, 11, 418, 'dtl_gap');
INSERT INTO "rf_gap" VALUES(147, '04RG12', 306.0, 201.25, 0.411723051916, 2.35075266745867, 2.35075266745867, 0.0, 2.42231828571429, -0.386705242325629, -0.453785605518526, 3.59537825910832, 83.426936466819, 0.394537157429293, 0.000576538101805735, 0.713849421441646, 0.0827046711453502, 0.0653998466020983, 4, 4, 12, 420, 'dtl_gap');
INSERT INTO "rf_gap" VALUES(148, '04RG13', 308.0, 201.25, 0.414535695933, 2.34831044628836, 2.34831044628836, 0.0, 2.41980171428571, -0.386705242325629, -0.453785605518526, 3.59537825910832, 84.3335793187409, 0.396425279006234, 0.000572931183684311, 0.711735550247357, 0.0832653670562181, 0.0653964767707352, 4, 4, 13, 422, 'dtl_gap');
INSERT INTO "rf_gap" VALUES(149, '04RG14', 310.0, 201.25, 0.417332556152, 2.34161929264605, 2.34161929264605, 0.0, 2.41290685714286, -0.386705242325629, -0.453785605518526, 3.59537825910832, 85.241809648306, 0.398302804954259, 0.000569342944144058, 0.7096208923335, 0.0838250932641028, 0.0653901928013023, 4, 4, 14, 424, 'dtl_gap');
INSERT INTO "rf_gap" VALUES(150, '04RG15', 312.0, 201.25, 0.420113708829, 2.33049121539257, 2.33049121539257, 0.0, 2.40144, -0.386705242325629, -0.453785605518526, 3.59537825910832, 86.1515886040683, 0.400169786465741, 0.00056578193443567, 0.707514506455314, 0.084381746746838, 0.0653811664828724, 4, 4, 15, 426, 'dtl_gap');
INSERT INTO "rf_gap" VALUES(151, '04RG16', 314.0, 201.25, 0.422879248856, 2.33224036480568, 2.33224036480568, 0.0, 2.4032424, -0.386705242325629, -0.453785605518526, 3.59537825910832, 87.0628803623883, 0.40202628723987, 0.000562249949113092, 0.705418343641334, 0.0849348128946831, 0.0653694183606128, 4, 4, 16, 428, 'dtl_gap');
INSERT INTO "rf_gap" VALUES(152, '04RG17', 316.0, 201.25, 0.425629282268, 2.31773088705084, 2.31773088705084, 0.0, 2.3882912, -0.386705242325629, -0.453785605518526, 3.59537825910832, 87.9756541373505, 0.403872378458811, 0.000558750172798277, 0.703335857568537, 0.0854834033680944, 0.0653549929452228, 4, 4, 17, 430, 'dtl_gap');
INSERT INTO "rf_gap" VALUES(153, '04RG18', 318.0, 201.25, 0.428363929121, 2.30557224126356, 2.30557224126356, 0.0, 2.3757624, -0.38670524232563, -0.453785605518526, 3.59537825910832, 88.8898847512212, 0.405708140715414, 0.000555286056394415, 0.701270863755478, 0.0860265717153339, 0.0653379557963319, 4, 4, 18, 432, 'dtl_gap');
INSERT INTO "rf_gap" VALUES(154, '04RG19', 320.0, 201.25, 0.431083280317, 2.30102662661031, 2.30102662661031, 0.0, 2.3710784, -0.386705242325629, -0.453785605518526, 3.59537825910832, 89.805528768482, 0.407533635031858, 0.000551844636154293, 0.699208922000666, 0.0865676909947954, 0.0653176944538313, 4, 4, 19, 434, 'dtl_gap');
INSERT INTO "rf_gap" VALUES(155, '04RG20', 322.0, 201.25, 0.433787430102, 2.29920760438443, 2.29920760438443, 0.0, 2.369204, -0.386705242325629, -0.453785605518526, 3.59537825910832, 90.7225571111636, 0.40934892467532, 0.000548435619185668, 0.697160643728539, 0.0871043507253191, 0.0652944721340076, 4, 4, 20, 436, 'dtl_gap');
INSERT INTO "rf_gap" VALUES(156, '04RG21', 324.0, 201.25, 0.436476489984, 2.29095717792498, 2.29095717792498, 0.0, 2.3607024, -0.386705242325629, -0.453785605518526, 3.59537825910832, 91.6409422514933, 0.411154084501172, 0.000545058972865693, 0.695126742239348, 0.0876365180726044, 0.065268591183838, 4, 4, 21, 438, 'dtl_gap');
INSERT INTO "rf_gap" VALUES(157, '04RG22', 326.0, 201.25, 0.439150572167, 2.28066258350959, 2.28066258350959, 0.0, 2.3500944, -0.38670524232563, -0.453785605518526, 3.59537825910832, 92.5606569344087, 0.412949189830884, 0.000541714268288533, 0.693106958411897, 0.0881640706709907, 0.065240071547845, 4, 4, 22, 440, 'dtl_gap');
INSERT INTO "rf_gap" VALUES(158, '04RG23', 328.0, 201.25, 0.441809791708, 2.27582583213645, 2.27582583213645, 0.0, 2.3451104, -0.38670524232563, -0.453785605518526, 3.59537825910832, 93.4816766189444, 0.414734317903307, 0.000538402776778781, 0.691102869890906, 0.0886865158354756, 0.0652089655638834, 4, 4, 23, 442, 'dtl_gap');
INSERT INTO "rf_gap" VALUES(159, '04RG24', 330.0, 201.25, 0.444454284624, 2.26419123244497, 2.26419123244497, 0.0, 2.3331216, -0.386705242325629, -0.453785605518526, 3.59537825910832, 94.4039884402755, 0.416509560025673, 0.000535132536156659, 0.689122703830598, 0.0892019649528746, 0.0651751006309051, 4, 4, 24, 444, 'dtl_gap');
INSERT INTO "rf_gap" VALUES(160, '04RG25', 332.0, 201.25, 0.447084164079, 2.24380234567749, 2.24380234567749, 0.0, 2.312112, -0.38670524232563, -0.453785605518526, 3.59537825910832, 95.3275607696862, 0.41827499216435, 0.000531890555276142, 0.687151929808337, 0.0897140188047716, 0.0651379014277662, 4, 4, 25, 446, 'dtl_gap');
INSERT INTO "rf_gap" VALUES(161, '04RG26', 334.0, 201.25, 0.449699537035, 2.23449451065139, 2.23449451065139, 0.0, 2.3025208, -0.38670524232563, -0.453785605518526, 3.59537825910832, 96.2523712281752, 0.420030686123183, 0.000528681449947364, 0.685197027342658, 0.0902211128067062, 0.0650981218277588, 4, 4, 26, 448, 'dtl_gap');
INSERT INTO "rf_gap" VALUES(162, '04RG27', 336.0, 201.25, 0.452300521863, 2.22385598672424, 2.22385598672424, 0.0, 2.2915584, -0.386705242325629, -0.453785605518526, 3.59537825910832, 97.1783993655489, 0.421776721364132, 0.000525505888527036, 0.683258957248634, 0.0907229648512353, 0.0650558045996543, 4, 4, 27, 450, 'dtl_gap');
INSERT INTO "rf_gap" VALUES(163, '04RG28', 338.0, 201.25, 0.454887240556, 2.2139060981852, 2.2139060981852, 0.0, 2.2813056, -0.386705242325629, -0.453785605518526, 3.59537825910832, 98.1056270028791, 0.423513179780823, 0.000522364731112557, 0.681338915946557, 0.0912192775501562, 0.065011002630192, 4, 4, 28, 452, 'dtl_gap');
INSERT INTO "rf_gap" VALUES(164, '04RG29', 340.0, 201.25, 0.457459839524, 2.20086317313404, 2.20086317313404, 0.0, 2.2678656, -0.386705242325629, -0.453785605518526, 3.59537825910832, 99.034050120372, 0.425240159658115, 0.000519268008958527, 0.679446757877576, 0.0917075249685163, 0.0649632280160395, 4, 4, 29, 454, 'dtl_gap');
INSERT INTO "rf_gap" VALUES(165, '04RG30', 342.0, 201.25, 0.460018442892, 2.22370226653613, 2.22370226653613, 0.0, 2.2914, -0.386705242325629, -0.453785605518526, 3.59537825910832, 99.9636448918256, 0.426957744320489, 0.000516201443524391, 0.677567449847535, 0.0921915907522119, 0.0649124036577311, 4, 4, 30, 456, 'dtl_gap');
CREATE TABLE diagnostics(
  id integer primary key,
  name text,
  view_index double precision unique,
  monitor integer not null default 0,
  diag_type text,
  model_index integer unique,
  model_type text not null default 'diagnostics'
);
INSERT INTO "diagnostics" VALUES(1, 'BLZ', 0.75, 0, 'MK', 110, 'diagnostics');
INSERT INTO "diagnostics" VALUES(2, '02WS01', 65.2, 0, 'WS', 175, 'diagnostics');
INSERT INTO "diagnostics" VALUES(3, '03WS01', 201.2, 0, 'WS', 311, 'diagnostics');
INSERT INTO "diagnostics" VALUES(4, '03AB02', 201.5, 0, 'AB', 313, 'diagnostics');
INSERT INTO "diagnostics" VALUES(5, '04WS01', 281.2, 0, 'WS', 393, 'diagnostics');
INSERT INTO "diagnostics" VALUES(6, '04AB01', 281.6, 0, 'AB', 395, 'diagnostics');
CREATE VIEW linac as 
  select view_index, name, model_type, model_index from quad union
  select view_index, name, model_type, model_index from rf_gap union
  select view_index, name, model_type, model_index from drift union
  select view_index, name, model_type, model_index from diagnostics;
CREATE VIEW channel_list as
  select view_index, name, model_type, (select lcs_name from epics_channel where id = amplitude_channel) as channel1,
    (select lcs_name from epics_channel where id = phase_channel) as channel2, 
    (select lcs_name from epics_channel where id = delay_channel) as channel3,
    (select lcs_name from epics_channel where id = NULL) as channel4 from rf_module union
  select view_index, name, model_type, (select lcs_name from epics_channel where id = channel), null, null, null from quad;
CREATE TRIGGER insert_epics_channel after insert on epics_channel
begin
  update epics_channel set update_time = datetime('now', 'localtime') where rowid = new.rowid;
end;
CREATE TRIGGER update_epics_numeric_channel after update of value on epics_channel
begin
  update epics_channel set 
    update_time = datetime('now', 'localtime') where rowid = new.rowid;
-- quad
  update quad set 
    gradient_model= polarity_design*(((select a0_cal from quad_family mf where quad.family_cal = mf.id)+
              (select a1_cal from quad_family mf where quad.family_cal = mf.id)*
              ((select value from epics_channel where quad.channel=id)-shunt_cal)+
              (select a2_cal from quad_family mf where quad.family_cal = mf.id)*
              power(((select value from epics_channel where quad.channel=id)-shunt_cal), 2.0)+
              (select a3_cal from quad_family mf where quad.family_cal = mf.id)*
              power(((select value from epics_channel where quad.channel=id)-shunt_cal), 3.0)+
              (select a4_cal from quad_family mf where quad.family_cal = mf.id)*
              power(((select value from epics_channel where quad.channel=id)-shunt_cal), 4.0))/
              (select l_eff_cal from quad_family mf where quad.family_cal = mf.id))
    where exists(select * from epics_channel where quad.channel = new.rowid);
-- rf amplitude 
  update rf_module set 
    voltage_tmp = voltage_cal * (select value from epics_channel where rf_module.amplitude_channel = id)
    where exists(select * from epics_channel where rf_module.amplitude_channel = new.rowid);
-- rf phase 
  update rf_module set
    phase_shift_tmp = (phase_offset_cal + (select value from epics_channel where 
      rf_module.phase_channel = id))
    where exists(select * from epics_channel where rf_module.phase_channel = new.rowid);
-- rf on/off
  update rf_module set
    on_off = (select case when (select value from epics_channel where rf_module.delay_channel = id) = 1 then 0 else 1 end)
    where exists(select * from epics_channel where rf_module.delay_channel = new.rowid);
  update epics_channel set
    value_txt = (select case when value = 1 then 'Delayed' else 'In Time' end) where rowid = new.rowid and value_type = 'delay';
end;
CREATE TRIGGER update_rf_module_voltage after update of voltage_tmp on rf_module
begin
  update rf_module set
    operating_amplitude_fraction_tmp = on_off * amplitude_scale_cal *(
        (select c0_cal from diode where diode_id = diode.id) + 
        (select c1_cal from diode where diode_id = diode.id) * voltage_tmp + 
        (select c2_cal from diode where diode_id = diode.id) * power(voltage_tmp, 2.0) + 
        (select c3_cal from diode where diode_id = diode.id) * power(voltage_tmp, 3.0) + 
        (select c4_cal from diode where diode_id = diode.id) * power(voltage_tmp, 4.0)) / amplitude_design
    where rowid = new.rowid;
end;
CREATE TRIGGER update_rf_module_delay after update of on_off on rf_module
begin
  update rf_module set 
    voltage_tmp = voltage_cal * (select value from epics_channel where rf_module.amplitude_channel = id)
    where rowid = new.rowid;
end;
CREATE TRIGGER update_rf_module_amplitude_scale after update of amplitude_scale_cal on rf_module
begin
  update rf_module set 
    operating_amplitude_fraction_tmp = on_off * amplitude_scale_cal *(
        (select c0_cal from diode where diode_id = diode.id) + 
        (select c1_cal from diode where diode_id = diode.id) * voltage_tmp + 
        (select c2_cal from diode where diode_id = diode.id) * power(voltage_tmp, 2.0) + 
        (select c3_cal from diode where diode_id = diode.id) * power(voltage_tmp, 3.0) + 
        (select c4_cal from diode where diode_id = diode.id) * power(voltage_tmp, 4.0)) /amplitude_design
    where rowid = new.rowid;
end;
CREATE TRIGGER update_rf_module_amplitude after update of operating_amplitude_fraction_tmp on rf_module
begin
  update rf_gap set
    amplitude_tmp = amplitude_design * (select operating_amplitude_fraction_tmp 
    from rf_module where rf_gap.module_id = id) where module_id = new.rowid;
  update ccl_tank set
    avg_phase_design = (select avg(ref_phase_design) from rf_gap where module_id = ccl_tank.module_id and 
    tank_id = ccl_tank.tank_id) where module_id = new.rowid;
  update ccl_tank set
    avg_phase_tmp = -acos(cos(avg_phase_design) /(select case when new.operating_amplitude_fraction_tmp = 0.0 
    then 1.0 else new.operating_amplitude_fraction_tmp end)) where module_id = new.rowid; 
end;
CREATE TRIGGER update_rf_module_amplitude_tilt after update of amplitude_tilt_cal on rf_module 
begin
  update rf_gap set
    amplitude_tilt_tmp = (select amplitude_tilt_cal from rf_module where rf_gap.module_id = id) * 
    (1.0 - 2.0/((select count(*) from rf_gap where module_id = new.rowid) - 1) * (cell_id - 1)) 
    where module_id = new.rowid;
end;
CREATE TRIGGER update_rf_module_phase_shift after update of phase_shift_tmp on rf_module 
begin
--  update rf_gap set 
--    beam_phase_shift_model = (select phase_shift_tmp from rf_module where rf_gap.module_id = id)/ 180.0 * pi() 
--    where module_id = new.rowid;

  update rf_gap set 
    beam_phase_shift_model = ((select phase_shift_tmp from rf_module where rf_gap.module_id = id) + 
    (select case when model_type = 'ccl_gap' then (select phase_offset_structure from ccl_tank where 
    module_id = rf_gap.module_id and tank_id = rf_gap.tank_id) else 0.0 end)) / 180.0 * pi() 
    where module_id = new.rowid;
end;
CREATE TRIGGER update_rf_module_phase_offset after update of phase_offset_cal on rf_module
begin
  update rf_module set 
    phase_shift_tmp = (phase_offset_cal + (select value from epics_channel where 
    rf_module.phase_channel = epics_channel.id)) where rowid = new.rowid;
end;
CREATE TRIGGER update_ccl_tank_avg_phase after update of avg_phase_tmp on ccl_tank
begin
  update rf_gap set
    ref_phase_model = ref_phase_design + (new.avg_phase_tmp - new.avg_phase_design)
    where new.module_id = module_id and new.tank_id = tank_id;
end;
CREATE TRIGGER update_ccl_tank_cell_length after update of cell_length_design on ccl_tank
begin
  update rf_gap set
    length_model = (select cell_length_design from ccl_tank where module_id = rf_gap.module_id 
    and tank_id = rf_gap.tank_id) where module_id = new.module_id and tank_id = new.tank_id;
end;
CREATE TRIGGER update_ccl_tank_t after update of t_design on ccl_tank
begin
  update rf_gap set
    t_model = (select t_design from ccl_tank where module_id = rf_gap.module_id 
    and tank_id = rf_gap.tank_id) where module_id = new.module_id and tank_id = new.tank_id;
end;
CREATE TRIGGER update_ccl_tank_tp after update of tp_design on ccl_tank
begin
  update rf_gap set
    tp_model = (select tp_design from ccl_tank where module_id = rf_gap.module_id 
    and tank_id = rf_gap.tank_id) where module_id = new.module_id and tank_id = new.tank_id;
end;
CREATE TRIGGER update_ccl_tank_sp after update of sp_design on ccl_tank
begin
  update rf_gap set
    sp_model = (select sp_design from ccl_tank where module_id = rf_gap.module_id 
    and tank_id = rf_gap.tank_id) where module_id = new.module_id and tank_id = new.tank_id;
end;
CREATE TRIGGER update_ccl_tank_phase_offset after update of phase_offset_structure on ccl_tank
begin
  update rf_gap set 
    beam_phase_shift_model = ((select phase_shift_tmp from rf_module where rf_gap.module_id = id) + 
    (select case when model_type = 'ccl_gap' then (select phase_offset_structure from ccl_tank where 
    module_id = rf_gap.module_id and tank_id = rf_gap.tank_id) else 0.0 end)) / 180.0 * pi() 
    where module_id = new.module_id and tank_id = new.tank_id;
end;
CREATE TRIGGER update_rf_gap_amplitude_tmp after update of amplitude_tmp on rf_gap
begin
  update rf_gap set
    amplitude_model = amplitude_tmp * (amplitude_tilt_tmp + 1.0) where rowid = new.rowid;
end;
CREATE TRIGGER update_rf_gap_amplitude_tilt after update of amplitude_tilt_tmp on rf_gap
begin
  update rf_gap set
    amplitude_model = amplitude_tmp * (amplitude_tilt_tmp + 1.0) where rowid = new.rowid;
end;
CREATE TRIGGER update_rf_gap_amplitude_model after update of amplitude_model on rf_gap
begin
  update rf_gap set
    ref_phase_model = -acos(cos(ref_phase_design) * amplitude_design/
    (select case when amplitude_model > 0.0 and amplitude_design * cos(ref_phase_design) / 
    amplitude_model <= 1.0 then amplitude_model else amplitude_design end)) 
    where rowid = new.rowid and model_type = 'dtl_gap';
end;
COMMIT;
